ьХТПЮ;хЛЕ МЮ ЮПРХЙЮК;оПНДЮФМЮ ЖЕМЮ;юЙЖХЯЙЮ ЖЕМЮ
3838980810343;48 йпел гю пюже 50лк;104;
3800213307807;юцпеяхёю кюяхнм 100лк мнплюк;145;
5201360571208;7 деё йпнюяюм лхмх 65цп йюйюн;39;
3800213307814;юцпеяхёю кюяхнм 100лк яемгхрхб;145;
8690511191759;юаж ревем опюьюй 1,5к йнкнп;178;
3800213305124;юцпеяхёю оемю гю апхве▄е 200лк мнплюк;125;
8690511191773;юаж ревем опюьюй 1,5к жпм;178;
3800213305131;юцпеяхёю оемю гю апхве▄е 200лк яемгхрхб;125;
5310154001019;юбюйя бхл 650цп юмдпня;70;
5310142001267;юцпнакнй внйнкюдн 80цп;33;
5319990334701;юбюйя гю ярюйкн 750лк ян ослою;84;
5319990334336;юбюйя гю реохях 500лк;94;
5319991719163;юдпхёся рсмю 170цп яежйюмю  мнбю;40;
5319990334077;юбюйя яёюё 1к;75;
5319991693593;юёбюп 550цп нйх днйх;240;
5310154001385;юбюйя жебняюм 1к;154;
8600947011255;юкебю жпбем охоеп 100цп йеяю;95;
5319991523500;юдпхёся яюпдхмю 115цп бн днлюрем яня;35;
8600947011262;юкебю жпбем охоеп 200цп йеяю акюц;169;
5319991292703;юкнпю йнпмхьнмх 720цп рецкю;88;
5319991719149;юдпхёся яюпдхмю 125цп вхкх;35;
5319991292673;юкнпю тетепнмх 720цп рецкю;96;
8718951278394;юёюйя смхбепгюкмн япедярбн 1к жпбемн;114;
5319991278165;юйбю аеах бкюфмх 70/1 2+1 цпюрхя;90;
5319991292222;юкнпю жбейкн 660цп рецкю;74;
8600037042855;юйбю бхбю 075к ухдпнюйрхб яонпр;48;
8690504463931;юкохлхкй внйн осдхмц 100цп;25;
5310185042005;юкояйю яюкюлю 400цп лехм;125;
8600037005492;юйбю бхбю 1,5к нахвмю;35;
5310095000010;юкояйю яюкюлю 750цп ойа;268;
5319990908018;юк тнкхёю 10л юдпхю;50;
5319990908025;юк тнкхёю 20л юдпхю;90;
8606100484058;юлнперх опхмжегю 150цп кеьмхй;55;
5319990908032;юк тнкхёю 30л юдпхю;124;
5413149260757;юпхек йнкнп 4йц;654;
5319990612311;юк ▐юаюк 0,450 фнкр;234;
5319991896420;юпхя ндлюярсбюв 800лк ян ослою;158;
5319990448132;юкбю жпмю 200цп йюпе;34;
5319990771728;юпхя ндлпямсбюв 750лк дсокн;185;
5319990448200;юкбю жпмю 500цп йюпе;70;
5319990771841;юпхя жебнйкхм 750лк;115;
5310345009077;юклх бютепя 120цп бхмвхмх;36;
8690506546557;юпйн лем княхнм акей 255лк;198;
3856020220594;юкояйю ясою 67цп йнйньйхмю ондпюбйю;50;
8690506546533;юпйн лем княхнм цнкд 255;198;
3850104295218;юкояйю ясою 67цп ондпюбйю;58;
8690506546526;юпйн лем княхнм йск 255лк;198;
3870311002782;юкояйн лкейн 1к 2,8 мнбн;68;
8690506546540;юпйн лем княхнм окюрхмхсл 255лк;198;
8600103713764;юкслхмхсляйю тнкхёю 10л яепф;50;
8690506492595;юпйн лем оемю гю апхвеёме акей 200лк;99;
5319991188075;юкслхмхсляйю тнкхёю 10л рхлюя;58;
8690506090043;юпйн лем оемю гю апхве▄е яемгхрхб 200лк;99;
8690506090029;юпйн лем оемю йск 200лк;99;
9001376087061;юкстхйя бпе█х гю │сапе 64*70ял 60к;144;
8690506344252;юпйн яюосм гю апхье▄е;64;
9001376102375;юкстхйя йеях гю днлю█хмярбн гхо лхйя;134;
863;аюдел оевем 200цп анм;126;
9001376028644;юкстхйя вюьх ахн кн▐хй 260лк;119;
3800213305247;аюкяюл юцпеяхю 100лк мнплюк;145;
5319990908193;юктнк йеях гю │сапе 150к;90;
3800213305254;аюкяюл юцпеяхю 100лк яемгхрхб;145;
5319990908209;юктнк йеях гю │сапе 250к;144;
171;аюмюмх;95;
1010;юмюаекю ускюунойх;60;
3875000053885;аюмфе деяепр 30цп ябхякхнм;10;
5319992073110;юмрхцнмю аекн 750лк ярнах;275;
5319992073127;юмрхцнмю пнге 750лк ярнах;275;
7622202015984;аеёй пнкя 80цп оюбкюйю йпнлхд;50;
3838975567009;юпцерю 95цп йнйньйхмю;54;
7622202016028;аеёй пнкя 80цп охжю;50;
38381447;юпцерю ёсмхнп 45цп;40;
7622202015823;аеёй пнкя 80цп янкем;50;
3838975567016;юпцерю ёсмхнп 95цп мнбю;54;
5319990448217;аекю лемрю 200цп йюпе;45;
3838471007382;юпцерю йнйньйхмю 95цп охйюмр;68;
5319990809063;аекн яхпе▄е йпюбён бюйсл 1йц ухр 73;428;
70330704176;ахц 1 яемгхрхб;25;
3838975567030;юпцерю оюьрерю 95цп ёерпемю;57;
3871136110607;ахлюк люякн 1к;98;
5941294000671;юпдеюск оюьрерю 100цп гекемвсй;35;
3850105124821;ахнюйрхб 3йц ткнбеп тпеь;264;
8006540465127;юпхек дерепцемр 7йц йнкнп;668;
974;юпхек йюояскх гю оепе▄е пюгмх 1 оюпве;25;
5310054003113;ахрнкяйю оюбкюйю 180цп жпбемю;35;
3800708241289;аёсрх тюпаю л 02;130;
8001090783202;юпхек ревем дерепцемр 1100лк йнкнп;517;
3800708241272;аёсрх тюпаю л 08;130;
5319990771162;юпхя ндлпямсбюв 800лк пегепбю;128;
3800708241357;аёсрх тюпаю л 15;130;
8606003500251;юпнлю бюмхкю ейярпюйр 10лк;45;
3800708241364;аёсрх тюпаю л 16;130;
8606003500213;юпнлю ейярпюйр 10лк люкхмю;45;
3800708241388;аёсрх тюпаю л 18;130;
8606003500299;юпнлю йпсью ейярпюр;45;
3800708241227;аёсрх тюпаю л02;130;
5319990476753;юпр йюте 3/1 кюдмн;10;
3800708241371;аёсрх тюпах л 17;130;
3850105181190;юпт денаюд 650лк;108;
3800213351541;анёю гю йняю тюмрюгх 1+1 анпдн;135;
3850105181657;юпт йпел 400лк мюрспюк;99;
3800213351657;анёю гю йняю тюмрюгх 1+1 яхмн жпмю;135;
3850105181596;юпт йпел жхрпн 400лк;99;
3850105181343;юпт смхбепгюк 600лк опнтеяхнмюк;134;
8606100484775;анлан▄епю бхйрнпхёю 160цп юлнперх;138;
3800046565108;юярепю деряйю верйю;54;
5319990573414;анм аюдел 90цп оевем;60;
5310005002899;юркюмрхя 200цп яберкх бхрюлхмйю;188;
5319992053150;анм аюдел оевем 1йц;630;
5310005004558;юркюмрхя анман▄епю 230цп фнкр;268;
5319992053242;анм апсямхжю 100цп;58;
3830001298819;ютпндхрю южернм 100лк мебем;59;
5319992053488;анм цсярхм 200цп;20;
3831070660217;ютпндхрю ьюлонм 1к йнйнянбн лкейн;154;
5319990573933;анм хмдхяйх нпеб 90цп йеяю;68;
3831070660194;ютпндхрю ьюлонм 1к йнопхбю;154;
5319990573728;анм хмярюмр йюте 2/1 (9+1);58;
3831070660187;ютпндхрю ьюлонм 1к ксй;154;
5319990573162;анм хмярюмр йюте 3-1;7;
5319990648310;южернм тнаюя 60лк;30;
5319992053426;анм хмярюмр охпе 120цп;35;
5319990631312;аюдел оевем 150цп хбхрю;120;
5319992053518;анм йюте 190цп юпнлю;78;
5319990573544;анм йюте 400цп пнёюк;174;
5319990631350;аюдел оевем 70цп хбхрю;60;
687;аюйкюбю рюжмю;115;
5319990573551;анм йюте 450цп йкюяхй;214;
5319990573063;анм йюте 500цп;288;
5319990839305;аюкйн яюпдхмю яер 3*125цп;105;
5319990573988;анм йхйхпхрйю 180цп янкемю х оевемю;40;
5319990839282;аюкйн рсмю 170цп яер 3+1;198;
5319990573995;анм йхйхпхрйю 300цп янкемю х оевемю;65;
5319990839329;аюкйн рсмю 90цп яер 3+1 цпюрхя;124;
5319991869677;аюкнмх тнкхёю апнёйх;45;
5319992053525;анм йхйхпхрйх 1йц пется опфемх;180;
5319990573261;анм йхйхпхрйх 300цп опфемх;70;
5319991539457;аюкяюлхйн нжер 500лк лхпюмю;114;
5319990573223;анм йхйхпхрйх 300цп жпбемх;64;
8690146650119;аеаерн цслемх ёюцндю;10;
5310001258368;аейсрюм 1к ревем дерепцемр;274;
5319990573230;анм йхйхпхрйх 40цп оевемю лпямю;10;
5310001265366;аейсрюм бкюфмх люпюлхжх 72/1 мнбн;90;
5319990573612;анм йхйхпхрйх бн ксьою 350цп;74;
5310001919184;аейсрюм бкюфмх лхмх;48;
5319992053280;анм йхйхпхрйх ян гювхм 180цп ксрх;40;
5310001066451;аейсрюм йпел 100лк;194;
5319992053754;анм йхйхпхрйх ян гювхм 200цп;38;
5310001032814;аейсрюм йпел 50лк;118;
5319990573476;анм йнвюмяйх нпхг 900цп ейярпю;85;
5310001139094;аейсрюм осдпю 100лк;130;
5319990573384;анм кеакеахёю 300цп опеоей;80;
5310206006870;аекю внйнкюдн гю цнрбе▄е 90цп;24;
5319990573391;анм кеакеахёю 300цп ясбн цпнгёе;84;
5319990256737;аекн внйнкюдн 100цп кхнм;28;
5319992053549;анм кеамх рпняйх 200цп;20;
3850104088162;аевйю ясою 45цп ондпюбйю;55;
5319992053303;анм кемемн яеле 100цп;20;
5319990220059;ахаеп гпмн люйя 10цп;8;
5319992053143;анм кеьмхй 1йц;860;
5319990220042;ахаеп лекем люйя 10цп;7;
5319990573568;анм нпхг 1йц 1 йкюяю;84;
3086127501641;ахц фхкерх пегепбю 100/1 фнкр дхяй;40;
5319990573087;анм овемйю гю осйюмйх 200цп йеяю;25;
3086126640211;ахй гюоюкйх дейнп;40;
5319992053259;анм овемйюпмн апюьмн 700цп;25;
3850105123060;ахнюйрхб 3йц лсмрх тпеь;274;
5319990573964;анм яер йхйхпхрйх 380цп 1+1;114;
3850105138118;ахнюйрхб 5йц ткнбептпеь;418;
5319992053037;анм янмвнцкед 100цп ксоем;20;
3850105123244;ахнюйрхб 9йц лсмрх тпеь;734;
5319990573605;анм ясбх якхбх 200цп;65;
3850105126955;ахнюйрхб 9йц ткнбеп тпеь;714;
5319992053211;анм сплю 600цп ябефю;95;
3850105151926;ахя цнкдем дпхл 400лё;224;
5319992053785;анм ткхоя йхйхпхрйх 120цп;30;
3850105150141;ахя йюклхмц 400лк;224;
5319990573421;анм тярюй 90цп янкем;78;
5310292000127;ахяепем фекюрхм окюб;35;
5319992053419;анм жпбемю ке█ю 400цп йеяю;48;
5310292001438;ахяепмю цек анёю гю ёюёжю  оюкерю;110;
5319992053327;анм вхю яеле 100цп;35;
3850334532688;ахяйбхрх 400цп оерхр йейя;48;
5319992053495;анм ьейеп бн опюб 200цп;20;
8606108614389;анмх бкюфмх люпюлхжх 72/1 юкне бепю;48;
8690526060224;ахяйбхрх оерхр аеп 400цп ерх;95;
3870404000329;ахяйбхрх пюлоюпр 400цп;60;
5900247000847;анпдя ебе 250цп люпцюпхм;74;
5900247000786;анпдя ебе 500цп.;144;
8692806056033;ахяйхюрн 60цп йпелюкх нпен;15;
90020735;апюбн янй 500лк лскрхбхр;44;
3800069610250;анёю гю ёюёжю йпхярюкх;15;
107;апюьмн 25йц лхцпня;850;
5310292002008;анёю гю ёюёжю жпбемю оюкерю;10;
5319990998033;апюьмн 5йцп лхцпня;210;
5319991558045;анёю гю рнпрх х якюрйх;30;
3838980100819;анёю гю вебкх йютемю хкхпхёю мнбю;60;
5319991512016;апюьмн р-400 1йц ахрнкяйн;35;
981;апюьмн р-400 25йц япояйн лкхм оей;700;
8693029040434;анланмх йнтхйя 800цп ян бйся мю йюте;194;
5319990186072;апхкхёюмр 1к;98;
5319990573971;анм йхйхпхрйх 45цп янкемх;10;
8606107569994;апхяюв йюлекхёю де ксйя;90;
8606108597125;анмх апхяюв уук йкюяхй 1/1 лецю;80;
8606108614013;анмх бкюфмх люпюлхжх 72/1 аеах осдпю;48;
8606111248205;апхяюв йюлекхёю янтр;58;
8606107569611;апхяюв йюлекхёю ▐юлан;108;
8606108614006;анмх бкюфмх люпюлхжх 72/1 йюлхкхжю;48;
8606102287411;анмх йкюяхй 24/1 рпнякнёмю;194;
8690885224213;апхв яюлспюё;30;
5310345004874;бюткю 60цп бхмвхмх;20;
8600101745750;анмх рнюкермю 4/1 йкюяхй;35;
5319991838451;белхкй ёнцспр 1,5к;110;
8600101745620;анмх рнюкермю аекю 10/1 йкюяхй;75;
5319991838482;белхкй йхяекн лкейн 400цп;34;
8600101745217;анмх рнюкермю де ксйя 4/1 опюяйю;45;
5319991838215;белхкй леьюмн аекн яхпе▄е бюйсл;440;
8606108597033;анмх рнюкермю уук 8/1 йкюяхй;124;
5310005015288;анмхрюя вхоя 30цп охкеьйн;18;
5319992100144;бемеж бхмн 3к пнге;424;
5310005015226;анмхрюя вхоя 30цп янкем;18;
5319992100397;бемеж бхмн бпюмеж 3/1 йсрхёю;390;
4061746508140;анмсйя опюьнй 1,17й аек ёнпцнбюм;284;
5310005002981;беяекх ёюёжю 200цп;130;
4061746508119;анмсйя опюьнй 1,17йц юёя тпеь;284;
5319990019530;бхбю тпеь 1,5к юже;88;
3600542271066;анрюмхй репюох 400лк ьюлонм;246;
5310276000372;бхйемд ьсмйю 1йц ойа;378;
42138051;бхмярнм акс;160;
5319991111011;анжх йнмрхмемр цюя 190цп;40;
5310115000013;бхмвхмх лхмх пнк 30цп кеьмхй;10;
5319990088291;апюбн йкюяхй 100цп;58;
5310115000877;бхмвхмх пнкюр внйн 300цп юянпрх;65;
5319990088307;апюбн йкюяхй 200ц;108;
5310115000297;бхмвхмх рнпрхмю 450цп внйнкюдн;95;
5319990088383;апюбн опелхсл 100цп мюцпю;75;
3870128017085;бхнкерю девем дерепцемр 2,700лк йнкнп;354;
5319990088482;апюбн опелхсл 200цп мюцпю;140;
3870128016996;бхнкерю ревем дерепцемр 2,700лк жпм;354;
5319990088673;апюбн опелхсл 500цп мюцпю;296;
5310005027069;бхрюмег люёнмег 260цп днёоюй;70;
9008700133784;апюбн янй 1,5к апсямхжю;85;
5310005016513;бхрюмег люёнмег оняем 350цп рецкю;74;
9008700122788;апюбн янй 1,5к ёюанкйн;85;
90020988;апюбн янй 1,5к лскрхбхр;90;
8602300212385;бхрюмнбю фхрн+йюёяхёю 20цп охнмхп;19;
90169380;апюбн янй 1,5к онпрнйюк;90;
3901626420876;бкюфмх люпюлх днпе 102 юкне бепю;65;
90020315;апюбн янй 500лк нпюмф;44;
3901626420906;бкюфмх люпюлх днпе 102 йюлхкхжю;65;
5310018000011;апюьмн 1йц фхрн ксйя;50;
8682241208418;бкньйх скрпю мюохю 7/1;40;
5310018000028;апюьмн 2йц ф.ксйя;95;
5319907640932;бпюмеж 2к днмеб;208;
5319990516367;апюьмн 5/1 днлюьмн йюдхмн;198;
5319991759343;бпе█х гю │сапе 120к рен;75;
5319990516039;апюьмн рхо 400 5йц йюдхмн;198;
5319991759602;бпе█х гю │сапе 35к ян бпбйю ёюцндю;55;
5319991759367;бпе█х гю │сапе 40к рен;50;
9000101545210;апет акс юйрхб 50цп есйюкхорся;90;
5319991759183;бпе█х гю │сапе 60к рен;60;
9000101545975;апет бж онбеп 2*50цп кхлнм;154;
5310185040117;бпьмювйх йнкаюях 350цп лехм;98;
9000100753463;апет бж онбеп 3*50цп кхлнм;214;
5310043000819;цюгнгю 1,5к;45;
9000101545777;апет бж онбеп 50цп кюбюмдю;84;
5310005028080;апхкхёюмр опекхб 380лк кхлнм;24;
5310369000333;цюгнгю 4 у 1,25лк;149;
5310043000284;цюгнгю 500лк;30;
5319990648778;апхнм кюяхнм 50лк тнаюя;54;
3850102516797;апнмух 100цп анланмх;55;
5310079007011;цюпдемхю леьюбхмю 450цп жеплюр;80;
5310079007202;цюпдемхю жюпяйю леьюбхмю 450цп;90;
5319990631565;асйнбеж 100цп хбхрю акюц;45;
5310079007073;цюпдемхёю апнйскю 450цп йеяю;110;
5319990631473;асйнбеж 100цп хбхрю кср;45;
5310079007035;цюпдемхёю гюлпгмюрю анпюмхёю 450цп фнкрю;80;
8606103924742;бюкж пнкюр внйнкюдхпюм 250цп йюйюн;68;
5310079007042;цюпдемхёю гюлпгмюрю анпюмхёю 450цп гекемю;80;
8606111221352;бюкж пнкеп 16цп йнйня;10;
5310079007066;цюпдемхёю псяйю яюкюрю 450цп;90;
5319990220073;бюмхкю  люйя 10цп;5;
111;цебпей лхцпня;20;
8600101468215;бюмхкх ье█еп 6/1 ёслхя;20;
3856020258726;бюмхкхк ье█еп 5+1 днквекю мнбн;33;
5310276001966;цнбедяйх  леямх мюпегнй 150цп ойа;70;
3858886462194;цнбедяйх мюпегюй 150цп ондпюбйю;95;
5310005013284;бюмхкхм ье█еп 10цп 4+1 цпюрхя бхрюлхмйю;20;
5310005009324;бюпдюпяйю ясою бхрюлхмйю;35;
5310276004868;цнбедяйх мюпегнй 100цп ойа;44;
5310276005155;цнбедяйх рпюем йнкаюя 100цп якюёя оейюаеяйн;80;
5310292001995;бюпгхкн гю ёюёжю аюйюл;25;
5310276005568;цнбедяйх вюем йнкаюя 295цп оейюаеяйн;194;
5319990648594;бюпхйхмю тнаюя 1к;48;
5310345009091;бютперю бютепя 120цп бхмвхмх;36;
5319990032270;цнкд йюосвхмн 100цп бюмхк;78;
5319990032287;цнкд йюосвхмн 100цп хпхь;78;
8008970057040;бюь ем цнб 675лк юмрх дюпдюпт;214;
5319990032256;цнкд йюосвхмн 100цп йкюях;78;
8008970057095;бюь ем цнб 675лк мнплюк;265;
3850104008597;бецерю ондпюбйю 250 цп.;90;
5319990032263;цнкд йюосвхмн 100цп внйнк;78;
5310276003328;цнкд охкеьйн тхке 100ц якюёя оейюаеяйн;55;
6902018121569;бекхцдемяйю якюлю гю дейнпхпю▄е;40;
5319990673022;цнпяйю бндю 500лк нахвмю;20;
5319991838017;белхкй йпюбён яхпе▄е 1йц бюйсл;425;
5319990631541;цпюб 800цп хбхрю йеяю;226;
5319991838116;белхкй яхпе▄е ахемн 1йц йпюбён;570;
5319990573094;цпюб 900цп анм;214;
5319991838819;белхкй рпюдхжхнмюкем йюьйюбюк 1йц;530;
300;цпюб 9-10;150;
5319992100373;бемеж бхмн яледепбейю 3к йсрсёю;360;
5201347468569;бемхь нйях ейьем лскрх 500лк;264;
5319992170550;цпюмдлюя 350цп аюйкюбю;135;
5319991502338;бепнмю анлан▄епю 250цп гекемю;134;
5319992170581;цпюмдлюя 350цп аюйкюбю пнк;145;
5319991502345;бепнмю анлан▄епю 250цп жпбемю;134;
5319992170574;цпюмдлюя 350цп бюмхкхжх;120;
5319991502406;бепнмю анлан▄епю 260цп гекемю;118;
5319992170567;цпюмдлюя 350цп цспюахёю;120;
5310264001626;цпхг 200цп люйя йеяю;15;
5319991502413;бепнмю анлан▄епю 260цп пнге;118;
343;цпхяхмх пется кюйх;150;
5319991502499;бепнмю бютек йнжйю 250цп лкейн;55;
832;цслемх анланмх пюгмх 30цп;10;
5319991502505;бепнмю бютек йнжйю 250цп внйн;55;
5319991819139;цспюасёю ян йхйхпхрйх 230цп хмтсдхёю;60;
5319991855915;бхбю 1к йюохмю ёюанкйн 100%;99;
5319990019141;бхбю 200лк йнйрек;22;
5941868200407;цсярн остя 50цп внйн&онпрнйюк;30;
5319990019196;бхбю 200лк опюяйю;22;
5941868204931;цсярн ямей ялнйх 80ц охжю;45;
5319990019585;бхбю кюдем вюё 1,5 кхлнм;75;
8693029033696;цсярн рюпр йеёй 50цп;15;
5319990019592;бхбю кюдем вюё 1,5к апсямхжю;75;
5941868200391;цсярн ткхоя 35цп охжю;15;
5319990019578;бхбю кюдем вюё 1,5к опюяйю;75;
5941868200377;цсярн ткхоя 35цп яхпе▄е;15;
5319990019271;бхбю кюдем вюё 200лк опюяйю;20;
5941868202869;цсярн ткхоя 80цп охоепйю;30;
5310043000611;дюа охбн 500лк;50;
5319990019028;бхбю опюяйю 1к;80;
5319992060349;бхбю ялсрх 200лк ёюанкйн йюохмю аюмюмю;75;
8601300041414;дюмюсахя люйюпнмх 60 400цп яевемх;45;
5319992060363;бхбю ялсрх 200лк ёюанкйн йхбх юмюмюя;75;
8601300041438;дюмюсахя люйюпнмх 81 400цп пеапн;45;
5319990019523;бхбю тпеь 1,5к лскрхбхрюлхм;88;
8601300041513;дюмюсахся тхде 400цп йпьемн;45;
5319990019561;бхбю тпеь 1,5к ьсляйн нбньёе;88;
8601300043364;дюмхахся ьоюцерх 96 400цп;45;
5319990019646;бхбю тпеь 500лк ьсляйн нбньёе;44;
8601300041506;дюмсахся люйюпнмх 400цп йнян яевемх;45;
5319990019455;бхбю тпсрх 2к онпрнйюк;110;
5902047178924;дюпй унпя тхкрепх гю жхцюпх 200/1 якхл;120;
5319990019011;бхбю ▐ся 1к 100%;108;
5319992170192;де пнлю мюонкхрюмйю 350цп йюйюн;85;
5319991855359;бхбю ▐ся 200лк 100% онпрнйюк;30;
5319992170185;де пнлю мюонкхрюмйю 350цп кеьмхй;85;
3838447000003;бхкедю йпою гю опнгнпх;85;
5319992170178;де пнлю мюонкхрюмйю 350цп лкейн;85;
4027800110414;бхкйхмянм ябнпд у рпхле 3 яемгхрхб;80;
5319992170703;де пнлю мюонкхрюмйю 450цп йюйюн;99;
5310115001850;бхмвхмх юклх йпел 400цп;94;
5319992170710;де пнлю мюонкхрюмйю 750цп йюйюн;174;
5310115005513;бхмвхмх лютхмя 210цп гекемн;70;
5319992170727;де пнлю мюонкхрюмйю 900цп йюйюн;194;
5310115000709;бхмвхмх леде▄южх 150цп бхьмю;38;
5319992170642;де пнлю ярхйя 250цп йюйюн;84;
5310115000723;бхмвхмх леде▄южх 150цп онпрнйюк;38;
5319992170628;де пнлю ярхйя 250цп кхлнм;84;
5310115000761;бхмвхмх леде▄южх 350цп онпрнйюк;88;
8005121000481;дхбекю люйюпнмх 48 500цп;64;
3800213309887;дмебмх бкньйх йкхмй 20/1 йеяю;49;
5310115000037;бхмвхмх лхмх пнк 30цп юянпрх;10;
5319990225634;бхмвхмх лхмх пнк 30цп внйнкюдн;10;
8600947030416;дндюрнй гю цскюь 50цп юкебю;56;
5310345008209;бхмвхмх пнйх оепежх 250цп янк;50;
8692971473499;днквхю ёюцндю осдхмц 100цп;25;
5310345008223;бхмвхмх пнйх пхахжх йпейеп 250цп;54;
8692971473369;днквхю внйнкюдн осдсмц 100цп;25;
3800213633326;днлю анлахжх 360цп йнйня;58;
5310115003830;бхмвхмх пнкюр внйн 300цп внйнкюдн;65;
3800213633340;днлю анлахжх 360цп внйнкюдн;58;
5310345008957;бхмвхмх ярхйяхя бютек 250цп кхлнм;84;
3800213623310;днлю ябхя пнк 300цп йюйюн цкюгхпюм;68;
5310345008582;бхмвхмх ярхйяхя бютек 250цп лкейн;84;
54;днлюрх 1йц;130;
5310345008599;бхмвхмх ярхйяхя бюткх 250цп йюйюйн;84;
5310345008605;бхмвхмх ярхйяхя бюткх 250цп кеьмхй;84;
5319992116046;днлюьмю рюпюмю ян ёюёжю 500цп;70;
5310115001317;бхмвхмх рнпрхмю 265цп апсямхжю;65;
5319991819702;днлюьмх бюмхкхжх ян ▐ел 300цп хмтсдхёю;100;
729;днлюьмх йнкаюях йсреп пется;250;
5310115000273;бхмвхмх рнпрхмю 265цп ёюцндю;65;
5310115000280;бхмвхмх рнпрхмю 265цп внйнкюдн;65;
5319990631527;дпюфхпюмх йхйхпхрйх 100цп хбхрю;30;
5310115000310;бхмвхмх рнпрхмю 450цп анпнбхмйю;94;
8695358595005;дпноя анмх рно рспюйн;10;
5310115006404;бхмвхмх рнпрхмю окся 300цп йюйюн;85;
8606013177023;дсек опюьюй 10йц ёнпцнбюм;854;
3870311002904;дсйюр ёнцспр 1к ьхье;67;
5310115006435;бхмвхмх рнпрхмю окся 300цп лкейн;85;
3875000057227;дсн тюём ябхякхнм;20;
5310115006787;бхмвхмх ьрпсдкю 240цп бхьмю;74;
3859892288129;бхнкерю апхяюв 1/1 ▐юлан;72;
5319990429537;ебпн гювхм 1йц йеяю;99;
1000;бхпькх лехм 200цп оюпве;50;
5319990429445;ебпн гювхм 250цп йеяю;35;
5310005005425;бхрюмег йеяю 47 ц;15;
5319992170437;ебпн гювхм 900цп рецкю;100;
5310005003933;бхрюмег йеяхвйю 85 цп;25;
5319990429216;ебпнгювхм бецерю 450цп йеяю;54;
5310005001885;бхрюмег люёнмег 780лк рецкю;170;
5319991819023;ейкепх 8 оюпвх▄ю хмтсдхёю;100;
5310005031455;бхрюмег ян жпм ахаеп 260лк днёоюй;84;
5310390000029;ейярпхл оюптелх 100лк кхлемйю фемяйх;369;
5310005003926;бхрюмег рецкю 320цп;99;
5319991075962;ейярпхл яер 2/1 оюптел;399;
8602300221547;бхрюмнбю фхрн + йюохмю 25цп охнмхп;19;
8693029609679;екбюм 50цп ямнбаюк пнгебн;15;
8602300213115;бхрюмнбю фхрн+ ёюцндю 25цп охнмхп;19;
8693029702950;екбюм днмср 50цп йюте;15;
5319990871039;екхр йюте 200цп гекемн;134;
8602300213160;бхрюмнбю фхрн+апсямхжю 25цп охнмхп;19;
5319990871145;екхр йюте 500цп гекемн;320;
8008970057064;бнь ем цнс ьюлонм 675лк нбньем;265;
5319990871015;екхр йюте 500цп жпбемн;325;
8008970057071;бньем цн ьюлонм 750лк уепаюк;274;
5201485000195;екхре дбноей 125цп йкюяхй;55;
5310008006184;бпюмеж 1к.рхйбеь;170;
5201485006067;екхре дбноей 250цп йкяхй;94;
5310037000870;бпюмеж 2к цпнгд;208;
5319991251755;бпюмеж бхкюпнб 1к ярнах;150;
5999884034445;емепцеряйх мюохрнй 250лк гепн;38;
5319990648624;бпе█х жпмх 1200-200к;65;
5999884034612;емепцеряйх мюохрнй уекк 250лк ёюанкйн;38;
5310043000291;цюгнгю 1,25к;30;
5999884034469;емепцеряйх мюохрнй уекк 250лк йкюяхй;38;
5999571051434;емепцеряйх мюохрнй уекк 250лк жпмю жпеью;38;
8602300215645;цюкеа лкевмн 80цп охнмхп;55;
86019309;еспнакнй 20цп рюйнбн;10;
8602300217762;цюкеа внйнкюдн 250цп лкевмн;155;
8600946866047;еспнбютек мюонкхрюмйю 100цп як опелхсл;30;
8602300233458;цюкеа внйнкюдн 250цп онкмн;135;
3875000058774;еспнбютек мюонкхрюмйю 180цп йюйюн тхк;58;
8602300215768;цюкеа внйнкюдн лкевмн онкмн 80цп охнмхп;48;
5310079007004;цюпдемхю цпюьюй 450цп жеплюр;90;
8601900505163;еспндеяепр 300цп йеяю;175;
5310001130282;цкня гю реохях 500лк;99;
8601900505125;еспндеяепр анлан▄епю 160цп як;139;
5310001130695;цкня ьрхпюй 500лк;94;
8601900501400;еспнйпел яемдбхв йейя 250цп як;68;
3850102508044;фхбнрхмяйн жюпярбн 15цп пед;30;
3850104209956;цнбедяйю йнжйю 120цп ондпюбйю;98;
3086126691565;фхкер ахц 3 яемгхрхб;40;
3850104267222;цнбедяйю йнжйю 60цп ондпюбйю мнбю;50;
5310005002189;цнбедяйю ясою  бхрюлхмйю;19;
5310008002995;фнкрю пюйхёю 100лк рхйбеь;100;
372;гюоюкйх ахткюле аюяхй;30;
8606104332560;цнбедяйю ясою 44цп ёслхя;15;
174;гекйх 1йц;70;
3850104003134;цнбедяйю ясою 65цп  ондпюбйю;40;
3850104020018;цнбедяйх цскюь 200цп ондпюбйю;110;
5310043000505;гкюрем дюа 1,5к;105;
3850104020032;цнбедяйх цскюь 300цп ондпюбйю;155;
5310369000715;гкюрем дюа 500лк юлаеп ярюйкн;50;
3850104020087;цнбедяйх цскюь 400цп ондпюбйю;199;
5310043000888;гкюрем дюа 500лк кхлемйю;60;
5319990527455;цнбедяйх мюпегнй 130цп аюкйн;30;
5319991523395;гнцх охке 1,1йц оюпве;198;
5319990673015;цнпяйю бндю 1,5к нахвмю;25;
5319991719125;гнцх вхйем мсцеря 450цп;164;
5319990196286;хгбнпяйю 1,5к нахвмю;25;
5319990673268;цнпяйю бндю 6к нахвмю;70;
5319990220462;цпюб 900цп люйя;174;
5319991254213;хмн яоейрюп 900лк анпнбхмйю;115;
8600012701678;цпюб оняем 400ц йюпмейя;115;
8600946442111;хькепх ян еспнйпел 125цп ябхякхнм мнбх;48;
299;цпюб пется 1йц фбюмяйх;150;
8600946443002;хькепх ян еспнйпел 250цп дсн;98;
178;ёюанкйю гекемх 1йц пется;60;
5310309138621;цпюмд фемяйх янй внпюох;40;
173;ёюанкйю пется;50;
5310309072505;цпюмд фемяйх внпюох;40;
5310309138560;цпюмд люьйх янй внпюох;40;
8602300204809;ёюцндю анманмх 100цп охнмхп;40;
3850102522484;ёюдпн 200цп нпхцхмюк;85;
8600012700350;цпюьюй ян ябхмяйн 400ц йюпмейя;166;
3850104266898;цпюьнй 400цп ондпюбйю мнб;68;
5319990775214;ёюёжю 10/1 л йкюяю берепхмюп;78;
3850104266904;цпюьнй 800цп ондпюбйю мнб;108;
8606010873324;ёея янкем йпейеп 100цп охнмхп;35;
5999101903851;цпюьнй цкнася 800цп кхлемйю;85;
8601900303288;ёерпемю оюьрерю 100цп рюйнбн;34;
5319990631275;цпхг 200цп хбхрю;20;
8600084005339;ёерпемю оюьрерю 75цп ёсунп;34;
5319990220325;цпхг люйя  200цп;20;
8601900303271;ёерпемю оюьрерю 75цп рюйнбн;25;
5310054000327;ёнцспр 1,45к ахрнкяйх;119;
8600037034119;цсюпюмю 250лк кхлемйю;45;
5310054000266;ёнцспр 250лк ахрнкяйх;30;
8600012700398;цскюь цнбедяйх 400ц йюпмейя;240;
5310054000907;ёнцспр 500лк аюкюмя хла;54;
8414034036195;цслю гю апхье▄е тюйрхя 1оюпве цнкелх;10;
834;цслемх анманмх оюпве рспяйх;10;
5310054000129;ёнцспр 500лк хла;50;
5310054003038;ёнцспр аюкюмя 250лк ахрнкяйх;30;
5319991864719;дюкбхмю бхмн 3к пнге йсрхёю;335;
5310005015684;дюпдн ткейя 200цп йеяю бхрюлхмйю;75;
5310054000235;ёнцспр ахрнкяйх 1к пнгеб хла;84;
5310005005517;дюпдн ткейя 250цп бхрюлхмйю;94;
5310054004196;ёнцспр цсярх 1,45к ахрнкяйх;125;
5310230004217;дюсрх окхмяйх анжх 190цп;28;
5319990398338;ёнцспр ьхойю 1к 3,2%;84;
5840979000145;дюсрх яхёюкхжх 150б;35;
8600084003663;ёсунп 75цп кнбевйю оюьрерю;34;
5310142004664;йюйюн юцпнокнд 100ц мнбн;80;
5712833681367;дюсрх яхёюкхжх 200б;35;
3850102110292;йюйюн йпюь 100цп;110;
5310230003746;дюсрх ясмцеп люяюфеп;35;
5310005000673;дютхмйю гювхм  1 йцп.;193;
5319990220240;йюйюн люйя 100цп йсрхёю;74;
5201347172787;йюкцнмхр рюакерх 27/1 тхмхь кхлнм;464;
5310005000642;дютхмйю гювхм 120 цп;35;
5310005000659;дютхмйю гювхм 250ц;60;
8606103756015;йюлекхёю оюкнлю люпюлвхмю йкюяхй;5;
5310005000666;дютхмйю гювхм 500цп;110;
8606103756978;йюлекхёю яюкютерйх 33*33 100/1 аекх;50;
8606107569246;йюлекхёю яюкютерйх 50/1 йюёяхёю;55;
8690526848723;дбноей йкюяхй жпбем 143цп ерх;65;
3900386780046;дею бндю 500лк мецюгхпюмю;15;
8606103756909;йюлекхёю яюкютерйх 50/1 кхкюбх;55;
5900785630407;ден ярхй гю WC 2+1;55;
8606103756565;йюлекхёю яюктерйх 30/1 фнкрх;55;
5319991024571;деряйх бхмреп внпюох;35;
8606103756589;йюлекхёю яюктерйх 30/1 гекемх;55;
5319990612526;дхбекю гювхм 900цп йеяю;96;
8606103756596;йюлекхёю яюктерйх 30/1 окюбх;55;
5319990612137;дхбекю гювхм 900цп рецкю;122;
8606103756497;йюлекхёю яюктерйх 75/1 аекх;40;
8005121000245;дхбекю люйюпнмх 24 500цп;58;
8606103756961;йюлекхёю рнюкер уюпрхёю 10/1 ледхсл;149;
8005121000276;дхбекю люйюпнмх 27 500 цп;64;
8606111248151;йюлекхёю рнюкер уюпрхёю 16/1 ткнбеп;168;
8005121020939;дхбекю тхде 250цп 93;55;
8606111248120;йюлекхёю рнюкермю 10/1 аеае осдпю;130;
8005121000085;дхбекю ьоюцерх 10 500цп;64;
8606111248373;йюлекхёю рнюкермю 10/1 йкюсд;99;
5310071000164;днапю бндю 1,5 ледхсл;29;
8606103756053;йюлекхёю рнюкермю 4/1 пнгебю;45;
5310071000249;днапю бндю 1,5к юйрхб;64;
8606103756930;йюлекхёю рнкермю уюпрхёю 10/1 ясоеп;184;
5310071000706;днапю бндю 1,5к кхлнм;29;
5310248001109;йюопх мюонкхрюмйю 30цп бюмхкю;10;
5310071000737;днапю бндю 500лк юйрхб;35;
5310248001093;йюопх мюонкхрюмйю 30цп йюйюн;10;
5310071000232;днапю бндю бекмея 1,5к;64;
5310248001123;йюопх мюонкхрюмйю 30цп кеьмхй;10;
5942045147010;йюпкяаепц 500лк кхлемйю;75;
8717163994252;днб ден 150лк хмбеяхак;168;
5319990032010;йюте лхмюя 100цп;80;
8720181111129;днб ден 150лк опнрейр;196;
5319990032478;йюте лхмюя 200цп;145;
8720182264664;днб яюосм 90цп аёсрх йпел;58;
50287062;днб ярхй хмбхяхаке 40лк;139;
5319990032485;йюте ж 200цп.;145;
180;йюьйюбюк гекемю днкхмю 1йц пется;524;
8720181284427;днбе ден 150лк ейярпю тпеь гю люфх;196;
8600101216694;йюьйюбюк хпйн 1йц ойа;434;
8720181291715;днбе ден 150лк нпхцхмюк йюпе гю фемх;196;
5310276000952;йюьйюбюк хпйн гю охжю 1йц оейюаеяйн;415;
8720181017544;днбе ден 150лк оняр ьеёб опнрейр гю люфх;196;
805;йюьйюбюк йпюбёх 1йц ьхойю опегхдемр;646;
8717163573792;днбе ревем яюосм 500лк тюхм яхкй;110;
5319990809131;йюьйюбюк йпюбёх бюйсл 500цп ухр 73;557;
8682091023438;днцюр йпел + янкемйх 30цп кеьмхй;10;
3850104242175;днквекю опюьюй гю оежхбн 5+1;35;
5319990135025;йбюяеж люк;20;
50029533;йемдх кхфюбве;20;
8606107081779;днлюьем йейя 230цп йнйня;68;
129;йеях гю гюлпгмсбюв 2йц;35;
8606107081410;днлюьем йейя 230цп релмн внйнкюдн;68;
377;йеях гю тпхфхдеп 3йц;35;
3856020262952;днлюьмю ясою 62цп ондпюбйю мнбю;54;
3850104003448;днлюьмю ясою 70цп ондпюбйю;54;
8600005001150;йевюо онкхлюпй 1йц акюц;114;
5319990631121;йхйхпхрйх хбхрю 400цп;80;
8720181377303;днлеярня охме 750лк тпеь гекем;98;
122;йхйхпхрйх опфемх 1йц пется;90;
5310001030841;днлхмн оюярю гю апхве▄е 60лк;99;
80177616;йхмдеп внйнкюдн 100цп;98;
5310345003310;днммю ахябхрх 240цп бхмвхмх;75;
5310267003382;йхяекю оюбкюйю 180цп опегедемр;38;
5319991502352;днпю йпел 400цп леьюм;90;
3850102123827;днпхмю 100цп ёютю;56;
5310054000181;йхяекн лкейн 400цп хла;39;
3850102117215;днпхмю кедемю 100цп йпюь;56;
5319990398529;йхяекн лкейн 500цп ьхойю;38;
5310134003217;дпхрю йейя 300цп днмхю;78;
8600037656915;й▄юг лхкнь 1,25к цюгхпюмю;28;
8600037003269;й▄юг лхкнь 1,25лк цюгхпюмю кхлнм;44;
8606015846927;дсек нлеймсбюв 1,600лк аеёах йеп;228;
8600037000312;й▄юг лхкнь 500лк цюгхпюмю;30;
8606015847269;дсек нлеймсбюв 1,600лк ткнбп оюсеп;174;
8600037003306;й▄юг лхкнь 500лк цюгхпюмю кхлнм;30;
8606015845586;дсек нлеймсбюв 1700лк дюёлнмд оюптелхпюм;174;
5310142002103;йнйн люйя 250цп юцпнокнд;80;
8606015845708;дсек нлеймсбюв охмй дюёлнмд 1,7к;174;
5319990490742;йнйнянбн апюьмн 100цп йхаекю;15;
8606013178778;дсек опюьюй 8йц яекейьем мнб;618;
5310276003496;йнйньйхмю оюьрерю 95цп оейюаерю;38;
8606013178068;дсек опюьюй 8йц янтр кнрся;724;
5310276003618;йнйньйхмю охйюмр оюьрерю 95цп оейюаерю;38;
8606015847122;дсек ревем опюьнй 2,45лк йнкнп;354;
13;йнкюй мюяре;100;
676;дспейя йнмднлх пюгмх;120;
3850104254604;│сбев 840цп ондпюбйю лйд;156;
8590232000050;йнкцеёр верйю окся ледхсл;45;
5310171251152;е- бюсвеп ю1 дсн;399;
8714789732244;йнкцер верйх 1+1 ейярпю йкхм;90;
3850112141231;йн▄юй аюдек 100лк;95;
3856020262525;ебю яюпдхмю 100цп бн люякн;55;
320;йноюмх 1йц пется;145;
3856020262617;ебю яюпдхмю 100цп кхлнм;55;
3856020262648;ебю яюпдхмю бн яня нд днлюрх 100цп;55;
5310084003442;йнпн гювхм 40цп йспйслю;45;
3850104042232;ебю уюпхмцю бн люякн 170цп днлюрх;104;
5319990054265;йнпн йхя бхмяйх нжер 1к;45;
50173167;ебпбеёя 14ц дпнове;40;
5319990054234;йнпн вюё мюме;48;
5201263018060;ебпх деё лхмх 10/1 мнплюк;110;
5319990054210;йнпн вюё ухахяйся 40цп;54;
5310084000519;йнпн вюё ьхойю;48;
8682742801118;ецнхяр цек гю йняю 150лк хпхдхсл█;65;
5319990054227;йнпн вюё ьхойю ухахяйся;48;
8600101468871;ейн гювхм 1йц йеяю ёслхя;124;
5319990054371;йнпн вюё ьсляйю ёюцндю;65;
8600101468840;ейн гювхм 250цп йеяю ёслхя;37;
5319990054340;йнпн вюё ьсляйх окнднбх;65;
8606101393489;ейн гювхм 450цп рецкю  ёслхя;79;
5310043000321;йпюкх люпйн 0,5к;50;
8600101468864;ейн гювхм 500цп йеяю ёслхя;69;
5310043000314;йпюкх люпйн 1,5к;99;
8606101393496;ейн гювхм 900цп рецкю ёслхя;130;
5310043000369;йпюкх люпйн 500лк кхлемйю;55;
8693029701601;екбюм 50цп ямнбаюк рсдеё аекн;15;
5310009777984;екхр йюте 100цп гекемн;55;
5310095000416;йпю▄яйх йнкаюях 300ц оейюаеяйн;118;
176;йпюярюбхжх;60;
3600524029500;екяеб ьюлонм 250лк оксло;230;
3600524029883;екяеб ьюлонм 400лк оксло;326;
3850102523443;йпюь мюонкхрюмйю 327цп внйн йпел;104;
3850102523450;йпюь мюонкхрмйю 327цп мсцюр;104;
4009175118134;еляюк 750лк гю оюпйер;165;
3900518300012;емепцеряйх мюохрнй 250лк цнкдем хцк;35;
8600091340010;йпел аюмюмю 17цп ухяюп;5;
3859888858008;йпел яхпе▄е юаж 100цп;85;
8699621512331;емрнйя  300лк охоя;75;
42101925;епбеёя акей лхмр;45;
7622201388423;йпнюяюм 7 деё 80цп люйя йюйюн мнб;40;
4009175111463;епдюк йпел йсрхёю 55лк йютем;70;
7622202292415;йпнюяюм 7деё 60цп ьюлою▄;30;
3875000058781;еспнбютек мюонкхрюмйю 180цп кеьмхй;58;
7622201389468;йпнюяюм 7деё дюаюк бюмхкю йюйюйн 80цп;40;
179;йпнлхд ярюп 1 йц пется;60;
3875002210279;еспнбютек мюонкхрюмйю 180цп кеьмхй;45;
3875000053960;еспнйпел 500цп рюйнбн пд;164;
5319992116053;йпсьебяйх жексбйх 110цп тюпхмю;95;
5310276000105;йскем лхмх 295цп оейюаеяйн;234;
8606019350062;еспнйпел анлхкхмн 800цп йюйюн;209;
5310276002246;йскем якюёя 100цп ойа оюпве;98;
8606019350017;еспнйпел анлнкхмн 400цп;128;
5310071000287;кюдмю бндю 0,5;23;
8606019350048;еспнйпел анлнкхмн 400цп аек;128;
5319991050051;кюйх цпхж 150ц цпхяхмх 150цп ян ясяюл;30;
8606019350055;еспнйпел анлнкхмн 400цп йютем;128;
3800024022111;еун яюбейя 2йц окюб;348;
5319991050426;кюйх цпхж 50ц охжю;10;
3800024022975;еун яюбейя 2йц тпеь гекем;348;
5319991050419;кюйх цпхж 50ц вхкх;10;
8693029030800;фекюйях лхйя 20цп;5;
8699444262932;кюпю бкюфмх люпюлхжх 120/1 цепаепо;68;
8693029030817;фекюйях лхйя20цп;5;
8699444260259;кюпю бкюфмх люпюлхжх 120/1 йюлхкхжю;68;
5319990220110;фекюрхм люйя 10цп;14;
8699444262970;кюпю бкюфмх люпюлхжх 120/1 кюбюмдю;68;
5310134000872;феке 200цп днмхю;65;
8699444262987;кюпю бкюфмх люпюлхжх 120/1 кхлнм;68;
5319990448071;феке 200цп йюпе;40;
5319990631015;кеакеахёю опеоей 350цп хбхрю;89;
3850102010721;фхбнрхмяйн жюпярбн 4+1 15цп;135;
8006540866368;кемнп нлеймсбюв 1625лк яопхмц;299;
5310079003303;кен якюднкед яер (6*65лк) 390лк внйнкюдн лскрхоюй;189;
,002;гюкюжх оюйнбю▄е -тхкхяхлн;60;
4895151854758;гюоюкйю гемцюг йнжйю;230;
5319990631145;ке█ю 400цп хбхрю;68;
5319990254504;кхбюдю ье█еп 800цп;45;
8710732237675;гюоюкйю йпхйер мнбю;25;
5310366000152;кхкю яёюё 1к ёюанкйн;65;
8710732237668;гюоюкйю йпхйер нпхцхмюк;25;
5310366000145;кхкю яёюё 1к кхлнм;65;
8710732230843;гюоюкйю йпхйер р-25;30;
5310005025010;гювхм гю онлтпхр 50цп бхрюлхмйю;90;
5310366000176;кхкю яёюё 500лк ёюанкйн;39;
5310005024990;гювхм гю яйюпю 50цп бхрюлхмйю;90;
5310366000169;кхкю яёюё 500лк кхлнм;39;
5310005025034;гювхм охкеьйн охйюмр 60цп бхрюлхмйю;95;
5310366001869;кхкю япедярбн гю ярюйкнн 750лк петхк;48;
5310366002484;кхкю ревем опюьюй 4к яемгхрхб;259;
8606104782464;гдемйю 125цп люеярпн;64;
3850355001750;гдемйю 140цп опегедемр;95;
5310366000213;кхкю ревем опюьнй 2к акюй;160;
3228022990216;гдемйю дсокю 375цп опегхдемр;228;
5310366000886;кхкю ревем опюьнй 4к йнкнп;259;
172;кхлнмх;140;
3858888590093;гдемйю йкюяхй 140цп б.гдемжх мнбю;130;
3858888590802;гдемйю йкюяхй 280цп;240;
5319990220097;кхлнмрсг люйя 10цп;5;
5310276002628;кнбевйю оюьрерю 100цп ойа;25;
9009301006927;гдемйх 250цп люеярпн;134;
5310043000895;гкюрем дюа 033к релмн;65;
5310276004653;кнбевйю охкеьйю оюьрерю 50цп оейюаеяйн;15;
5319990448057;кнйсл йюпе 200цп нпеб;40;
5319991523098;гнцх аюрюй охкеьйх 1йц;164;
5319991523289;гнцх ярей охкеьйх 1йц юдпхёся;338;
8600005008227;люёнмег 650цп онкхлюпй;118;
40338576;гнрхя деяепр 115цп нбньем;25;
5310276005445;люёнмег декхйюреяем 660лк оейюаеяйн;129;
3838980100789;хкхпхёю анёю жпмю гю вебкх 30лк;70;
8600759352065;люйюпнмх яемрекю 350цп пе;30;
5319990797575;люканпн цнкд рюв;160;
5319991819306;хмдхёюмйх 12/1 хмтсдхёю;120;
89686170115;хмднлх реяремхмх 5*75цп охкеьйн;68;
5319990797599;люканпн йнп ткюбнп;160;
224;люмдюпхмх;90;
89686170054;хмднлх реяремхмх 5*75цп ясоеп охкеьйн;78;
5310041005007;люпцюпхм дхер 480цп йпхярюк;63;
5319991254077;хмн яоейрюп 1,3к анпнбхмйю;140;
5310041000163;люпцюпхм йпхярюк 250цп;45;
5319991254022;хмн яоейрюп 1,3к онпрнйюк;120;
115;люякхмйх жпмх 141-160 нкхло 300Д;300;
5319991254220;хмн яоейрюп 900лк кхлнм;98;
5310037000009;люярхйю 100лк;115;
5319991254206;хмн яоейрюп 900лк онпрнйюк;98;
5304000047047;хмтхяю йюпюлекх 900цп йюте;194;
8600946689530;леде▄юй онпрнйюк 500цп йсрхёю як;130;
3600551142586;хоей ьюлонм 480лк 2/1 люьйх;114;
5319990958709;лекемн леян леьюмн 450цп люптхк;150;
3600551142517;хоей ьюлонм 600лк бхнкер;114;
5310276004875;леяем мюпегнй 100цп ойа;40;
3600551142548;хоей ьюлонм 600лк йнкнп;114;
7622202257223;лхкйю йпнюяюм бюмхкю 50цп;45;
3600551142579;хоей ьюлонм 600лк лемрнк;114;
7622202257186;лхкйю йпнюяюм внйн 50цп;45;
323;ёюёжю  └а⌠ 3н/1;230;
7622210043955;лхкйю внйнкюдн 80цп мнхяер;85;
5310043000239;лхпхмдю 1,25к кхлнм;50;
5319990871152;ёюёжю 10/1 ёнйх йнлепж;80;
323;ёюёжю рюакю 30/1 берепхмюп ук;250;
5310043000468;лхпхмдю 500лк нпюмф;35;
5310043000215;лхпхмдю нпюмф 1,25к;50;
5906716200831;ёюлюп цпюьнй 400цп йнмгепбю;58;
3800708310084;лхя ле│хй тюпах 712*2 яер;155;
3858884600055;ёюмю бндю 1,5к нахвмю;35;
3800708310251;лхя ле│хй тюпах 713*2 яер;155;
3856028500643;ёюмю кюдем вюё 1,5к кхнлм;80;
3800708310329;лхя ле│хй тюпах 725*2 яер;155;
3858890876321;ёюмю кюдем вюё 1,5к люкхмю;80;
3800708310176;лхя ле│хй тюпах 731*2 яер;155;
3858884601045;ёюмю кюдем вюё 1,5к опюяйю;80;
3800708310183;лхя ле▐хй 702* яер тюпаю;155;
3858884601717;ёюмю кюдем вюё 1,5к ьсляйн;80;
3800708310213;лхя ле▐хй 707 тюпах;155;
8600101745835;ёюо дсокх мнплюк 20/1;174;
3800708310268;лхя ле▐хй 714*2 яер тюпах;155;
8600101745842;ёюо дсокх ясоеп 16/1;174;
5902510275952;лхяонк охкеьйю ьсмйю 110цп;48;
8600101745163;ёюо лхмх мн█мх 7/1;84;
5902510275907;лхяонк ябхмяйх мюпегюй 130цп;38;
8600101745132;ёюо мнплюк лхмх 10/1;84;
5310054000020;лкейн 1к хал 2,8%;80;
8600101745149;ёюо ясоеп лхмх 8/1;84;
5310054000037;лкейн 1к хла 10 бхрюлхмх;86;
5319991660014;ёея ткхоя йхйхпхйю 40цп;15;
3870311001570;лкейн дсйюр 1к 2,8% рпюёмн;70;
5319991660021;ёея ткхоя йхйхпхйю 80цп;25;
5310267001241;лкевем мюлюг опегхдемр;78;
5319991842250;ёерпемю оюьрерю 100цп ле▐хй;28;
347;лкевмю спдю  900цп ухр 73;190;
3830008604101;ёерпемю оюьрерю 50цп йейеж;18;
5319991842182;ёерпемю оюьрерю 50цп ле▐хй;15;
8601500136682;лнёю йпюбхжю осдхмц 125цп внйнкюдн;30;
5310185040131;ёсмеьйх йнкаюях 350цп лехм;114;
8606107126029;лнёе апюьмн р-400 5йц;194;
5319990908056;лпямю уюпрхёю гю оеве▄е юдпхю;80;
5319991319097;ёстйх ян ёюёжю 500цп нупхдяйх;80;
5310115008286;мюонкхрюмйю лкейн х йюйюн 60цп бхмвхмх;20;
8600076030028;йюбюанм анманмх;25;
5310248000331;мюонкхрюмйю окефеп 375цп;74;
8690034100016;йюдюхт рспяйх 400цп мебгюр;148;
5319990516022;йюдхмн апюьмн р-400 2йц мнбн;60;
8600939110454;мюонкхрюмйю внйн 180цп ьрюпй;80;
5310005002325;йюйюн бхрюлхмйю 100цп;65;
8445291259331;меяйюте йкюяхй 3/1 мнбн;15;
5310041000842;йюйюн бн опюб 100цп йпхярюк;54;
5319991759916;мхяю бпе█х гю │сапе 250к;95;
3800213309917;мй дмебмх бкньйх 20/1 ледхсл;49;
5601217102065;йюкцнмхр янк гю люьхмю 1йц йеяю;125;
3800213350360;мй верйю гю гюах ёсмхнп;45;
5011417568279;йюкцнмхр рюакерх йеяю 85/1 кхлнм;998;
4032900164670;йюлек 100я фнкрн мнбн;140;
5319990631329;нахвмю овемхжю 400цп хбхрю;35;
3838980601064;йюлхкхжю ьюлонм 230лк хкх;124;
5310248000041;накюмдю кхяр 210цп окефеп;60;
5310292000066;йюояскх гю нанёсбю▄е ёюёжю;30;
5319992006293;ноя ахц ялнйх ян хцпювйю фемяйх;59;
5310005024952;йюпх гювхм 40цп бхрюлхмйю;75;
5319992006309;ноя ахц ялнйх ян хцпювйю люьйх;59;
984;йюпмейя леяем мюпегюй 100цп;48;
5319992006118;ноя рюйн 30цп пнахм;10;
5319990934475;ноя тюмйх 40цп асцкея;10;
8600103056014;йюте цпюмд цнкд 100цп мнбн;84;
5319992006675;ноя вхоя вхкх 90цп;25;
8600103056021;йюте цпюмд цнкд 200 цпюлю;155;
181;нпебх ёюрйх пется 1к;600;
5319990032027;йюте ж 100цп;74;
5319990631220;нпхг 900цп хбхрю;98;
9004380014405;йюте вюью ейяопеян 230лк;75;
5310185040056;нупхдяйх йнкаюях 350цп лехм;98;
9004380079602;йюте вюью люйхёюрн 230лк;75;
719;йюьйюбюк бхкбх 1йц юдпхёся;299;
5319990054012;нжер йнпн 1к;34;
289;йюьйюбюк йпюбёх 1йц бюйсл ьхойю;620;
5319990054159;нжер йнпн 1к ёюанкйнб;45;
5310054003076;оюбкюйю 400лк хла 20%;75;
5319990135704;йбюяеж ясб  500цп аекн оюйнбю▄е;185;
5310054000150;оюбкюйю ахрнкяйю 700цп ахлхкй;134;
5319990135230;йбюяйн 0,5к;180;
5319990135223;йбюяйн 1к люёю;286;
8601500131861;оюбкюйю гю цнрбе▄е 500лк лнёю йпюбхжю;128;
3850104007217;йбхйх 100цп ондпюбйю;44;
5319990220479;оюкемрю 450цп люйя;25;
3850104007200;йбхйх 50 цп ондпюбйю;25;
5410853049326;оюмюянмхй юкйюкмх аюрепх 1,5б;25;
3850104225277;йбхйх цпхж 100цп ондпюбйю;48;
5410853049340;оюмюянмхй аюрепх ююю 1,5б люкх;25;
3850104007781;йбхйх цпхж 50цп ондпюбйю;25;
5310079005338;оюмерх кхямюрн 850цп ян яоюмю█;230;
5310079005406;оюмерх охжю 850цп жеплюр;230;
5310115005001;йеёй люпаке 300цп бхмвхмх;94;
5310095000119;оюпхгеп охкеьйх 750цп оейюаеяйн;140;
5310115005032;йеёй ярпювюрвекю 300цп бх;94;
3830008604200;йейеж оюьрерю 75цп ёерпемю;30;
5310095000195;оюпхгеп охкеьйх йюьйюбюк 750цп оейюаеяйн;148;
59029533;йемдх кхфюбве 14цп люкн;15;
5319991541016;оекюцнмйю 1,5к цюгхпюмю;20;
5319991541030;оекюцнмйю 1,5к нахвмю;20;
5319991664098;йеяю сйпюямю гю бхмн йюпхпюмю т6;30;
5319991541047;оекюцнмйю 500лк нахвмю;20;
+;йеях ахнпюгцпюдкхбю ,елня, пебепре;15;
3850112110398;оекхмйнбюж 100лк;95;
5201314932048;йеях гю │сапе 160к тхмн;288;
172;йеях сйпюямх 1 оюпве;25;
5310064000027;оекхярепйю 1,5к;28;
204;оеоях 1,25к 3+1;174;
5310005002103;йевюо акюц 1йц бхрюлхмйю;125;
5310005022705;йевюо акюц 300цп бхрюлхмйю мнбн;55;
5310043000185;оеоях 1,75к;70;
5310005003452;йевюо акюц 500цп бхрюлхмйю;75;
5310043000444;оеоях 500лк;35;
5310005005432;йевюо йеяю 50цп бхрюлхмйю;10;
5310369000685;оеоях гепн 500лк;35;
5310005005449;йевюо йеяю 90цп бхрюлхмйю;18;
5310043000192;оеоях люйя 1,75к;70;
5310005002110;йевюо кср 1йц бхрюлхмйю;128;
5310369000517;оеоях яер 2*1,75к;125;
5310005022729;йевюо кср 300цп бхрюлхмйю;55;
8606102287039;оептейя 24/1 жпбемю рпнякнёмю;208;
5310005003612;йевюо кср 500цп бхрюлхмйю;75;
8606102287022;оептейя 8+2 жпбемю 3якнёмю мнбю;89;
5310005004107;йевюо охжю 1йц бхрюлхмйю;99;
5310025000639;оептейя юапюгхбем ясмцеп 1/1;20;
3850102516704;йхйх рсрх тпсрх 100цп анланмх;40;
5999860406075;оептейя апхяюв 1/1 ▐юлан;108;
5319990631237;йхйхпхрйх бюйсл 200цп хбхрю;50;
8600101745330;оептейя апхяювх 2/1 фнкрх;75;
5319990631381;йхйхпхрйх бюйсл 400цп хбхрю;89;
8606110850133;оептейя апхьюв лецю 1/1 рпх якнёю;134;
5310025000660;оептейя фхжю 1/1;28;
5310264000049;йхйхпхрйх люйя 50цп опфемх;13;
5310025000677;оептейя фхжю 2/1 хмнйя;45;
5310264001411;йхйхпхрйх люйя 50цп вхкх;12;
72;йхйхпхрйх оевемх 1йц пется;200;
8606110850270;оептейя лскрх апхьюв 3-якнёю;158;
5310275001981;йхйхпхрйх опфемх 350цп вегю бюйсл;74;
8606102287855;оептейя опелхсл мебем 8+2 йнрнм;128;
40084107;йхмдеп ёюёже 20цп ясопюёя люьйх;68;
8600101745675;оептейя яюктерйх 100/1 ае;98;
80177609;йхмдеп внйнкюдн 50цп;50;
8606102287930;оептейя рнюкер.у йнрнм аеёах  10/1;154;
5319991024533;йхмдеп внпюох люкх;30;
8606110850782;оептейя рнюкермю 10/1 опелхсл кнрся;128;
5310005012782;оежхбн 4+1 цпюрхя бхрюлхмйю;20;
5310054004493;йхяекн лкейн ейярпю 300цп ахлхкй;30;
3850164321117;йхяйн бхмяйх нжер 1к;90;
5319990631480;оевемю овемйю 60цп хбхрю;25;
3850164340118;йхяйн ёюанкйнб нжер 1к;103;
5319990631091;оевспйх йеяю 300цп хбхрю;40;
539;йхткх кхямюрх мюяре - йеяю;140;
5319990631107;оевспйх йеяю 600цп хбхрю;75;
112;йхткх мюяре - тхкхяхлн;30;
5310276003588;охймхй охкеьйх 430цп ойа;134;
8600037003436;й▄юг лхкнь 1,25лк цюгхпюмю онпрнйюк;44;
8600084005315;охкеьйю оюьрерю  75цп ёсунп;34;
5310185042906;охкеьйю оняеамю 350цп лехм;58;
8600037005133;й▄юг лхкнь 1,75лк цюгхпюмю;35;
5310276001218;охкеьйю оняеамю 400цп ойа;64;
5319990196019;йнфсбвюмйю 1,5к;25;
5319990196057;йнфсбвюмйю 1,5к кхлнм;29;
5319991719200;охкеьйх оюмхпюмх опярх 500цп гнцх;184;
150;охоеп пется оюгюп;250;
537;йнгх▄юй мюяре;120;
26;охоепйх ксрх 1 оюпве;10;
5449000215772;йнйю йнкю 0,25к кхлемйю;35;
5319990220189;охпе люйя 120цп;34;
5449000133724;йнйю йнкю 1,25 гепн;70;
5319990443014;охжю хрюкхюмю 80цп.;30;
5449000028921;йнйю йнкю 1,25к;70;
5319990443021;охжю хрюкхёюмю 30цп;15;
5449000130389;йнйю йнкю 1,75к;94;
5449000214911;йнйю йнкю 330лк кхлемйю мнбю;40;
8600005010916;онкхлюпй йпел гю цнрбе▄е 200лк;59;
90375323;йнйю йнкю 450лк гепн;45;
8600005010930;онкхлюпй йпел гю цнрбе▄е 500лк;119;
5319990220226;йнйня люйя 100цп;23;
8606109080190;онлтпхр 1йц аюпйю;140;
175;онпрнйюкх;60;
8606104332515;йнйньйхмю ясою 44цп ёслхя;15;
111;оняйспю -тхкхяхлн;40;
5310005002172;йнйньйхмю ясою ян реяремхмх 50цп бхрюлхмйю;19;
3800061609894;опеярхф бюбкю кеьмхй 23цп;10;
6920354836091;йнкцеёр оюярю гю гюах 75лк бюёремхмц;74;
3800061609979;опеярхф бюбкю тярюй 21цп;10;
6920354836176;йнкцеёр оюярю гю гюах 75лк йюбхрс опнрейьм;74;
3800061609887;опеярхф бюткх йюйюн 23цп;10;
6920354836039;йнкцеёр оюярю гю гюах 75лк опнонкхя;74;
3800061607012;опеярхф бекмея бюткю 135цп йюйюн;54;
6920354835971;йнкцеёр оюярю гю гюах 75лк рпхок ейьм;74;
3800061609863;опеярхф внйн ахяйбхр 178цп ян йюохмю;82;
8718951564817;йнкцеёр оюярю гю гюах 75лк уепаюк;74;
522;йнлохпх опеямх 1йц пется;50;
40338644;осдхмц бюмхкю 4*115цп гнрхя;28;
5310005030847;осдхмц оюярекю 3*40цп яер бюмхкю;34;
5319990220035;йнмгепбюмя люйя 5цп;5;
3850112141194;йн▄юй аюдек 1к;690;
5310005030830;осдхмц оюярекю яер 3*40цп внйнкюдн;50;
40338637;осдхмц внйнкюдн 4*115цп гнрхя;28;
5319991523050;йноюмх йпюрйх 1йц йеяю гнцх;174;
3838977029345;йноюмх якнбемяйх 800цп йпюрйх орсё оюпве;235;
5310005001144;осдхмц внйнкюдн 50цп бхрюлхмйю;17;
3838977029352;йноюмх якнбемяйх 800цп орс┼ оюпве;220;
5319991671942;осйюмйх гкюрмх 110цп цнкд оно йнпм;35;
5319990631558;овемйю оевемю 200цп хбхрю;65;
5319991523111;йноюмх ян океьйю 1йц гнцх;164;
3850104058462;йнпмхьнмх 670цп ондпюбйю рецкю;98;
5319990220486;овемйюпмн апюьмн 700цп люйя;25;
5310008003091;пюйхёю фнкрю 200лк рхйбеь;196;
5319990172358;йнпмхьнмх ейярпю 1400цп дхел;176;
90162602;пед аск 250лк;100;
5319990172020;йнпмхьнмх ейярпю 720лк дхел;99;
1;пегюмеж;950;
5319990172174;йнпмсьнмх 2,5йц дхел;168;
5310084003183;йнпн гювхм 40цп │слахп;50;
5319991075733;пекюйя оюптел 30лк фемяйх;199;
5310084003190;йнпн гювхм 40цп йюпх;44;
5319991075740;пекюйя оюптел 30лк люьйх;199;
5310084003060;йнпн гювхм 40цп псглюпхм;25;
5310142000383;пеяюмю 1йц пется мнбю;184;
5310084003015;йнпн гювхм кнбнпнб кхяр 15цп;25;
5310133003751;пеяюмю янтрх 105цп онпрнйюк;30;
5310005024204;пеяюмю тпсрх онпрнйюк 500цп йеяю бхрюлхмйю;105;
5310084003244;йнпн гювхм яхмюо 50цп;25;
5319990054456;йнпн кюйя вюё;60;
5319990871046;пхбюк йюте 80цп;34;
5310008006054;пнге бхмн 1к рхйбеь;170;
5310084000687;йнпн вюё 40цп юпнмхёю;90;
5319990054166;йнпн вюё аек якег;55;
5319990573315;пнёюк йюте 80цп;35;
5310084000502;йнпн вюё гекем 40цп;64;
5319990934093;пнкепх ноя 270цп бхьмю;60;
5310084000717;йнпн вюё ёюанкйн жхлер;70;
5319990934567;пнкепх ноя 60цп йюйюн;20;
5310095000447;пньрх┼ йнкаюях 250цп оейюаеяйн;114;
5319990054333;йнпн вюё йюмрюпхнм;48;
3800024025334;яюбейя опюьюй 6йц бюёр яхм;720;
5319990054241;йнпн вюё кхою;58;
3800024045103;яюбейя опюьюй 6йц тпеь;720;
5310084000724;йнпн вюё лнрнвхмю;52;
5310005030779;йнпою гю бекхцдемяйх ёюёжю 240цп гюёюй;328;
5310267002538;яюкюйхя йпюбён яхпе▄е бюйсл 300цп оюпве;115;
5310267002545;яюкюйхя леьюмн яхпе▄е бюйсл 300цп оюпве;155;
5319991869202;йнпох гю якюрйх йпсц;20;
5319990222633;яюмн 1,5к ахреп;44;
5319990809018;йпюбён яхпе▄е йюмрю 1йц ухр;445;
5310043000345;йпюкх люпйн 1,5к опнлнрхбмн;79;
5319990222640;яюмн 1,5к йнкю;44;
5310185040599;йпю▄яйх йнкаюях 350цп лехм;140;
5319990222374;яюмн яхпсо 1к анпнбхмйю;95;
5310008006061;йпюрньхёю 1к рхйбеь;170;
5319990222350;яюмн яхпсо 1к кхлнм;95;
5310345009299;йпейеп пнйх ян яелх▄ю 200цп;48;
5319990222367;яюмн яхпсо 1к онпрнйюк;95;
8007270150154;яюмяю люякхмнбн люякн 1к;624;
9005800313467;йпел гю апхве▄е 100лк опнрейр;124;
5310185042890;ябхмяйю оняеамю 350цп лехм;78;
8600101468574;йпел ясою оевспйх 53цп ёслхя;30;
5310276001973;ябхмяйх леяем мюпегнй 150цп ойа;68;
5319991502802;йпел рсаю 20цп ярек хлоейя;18;
5310369000654;яебем юо 1,5к гепн;60;
7622202040269;йпнюяюм 7 деё дюаюк бхьмю 80цп мнбю;40;
5310119003997;йпнюяюм бюмхкю 45цп днкве бхрю;10;
8690562002189;яемдбхв ахяйбхр 500ц йюйюн;105;
86027090;яемт онкхлюпй 100цп кср вюью;30;
5319992235068;йпнюяюм йюйюн 45цп цнкд тсдя;10;
86025980;яемт онкхлюпй 100лк вюью;30;
5941194000245;йпнйн йпейепх 100цп яхпе▄е;35;
5941194000740;йпнйн йпейепх 100цп ьсмйю;35;
8600005010770;яемт онкхлюпй рецкю 250цп;76;
177;йпох тпнрхпйю юфсп 1 оюпве;160;
5201410707021;яеорнмю яемгхрхб оюлсйвхмю гю кхже;108;
5201410003017;яеорнмю веойюкйх 200+100 йеяю;80;
5319990553041;йпох тпнрхпйю пнярнй 1 оюпве;160;
823;яеорнмю веойюкйх гю сьх 200+100;99;
3850112110169;йпсьйнбюж кхйеп 1к аюдек;570;
5201410665024;яеорнмю веойюкйх гю сьх ахн 50/1;80;
5319990088017;йсаюмхрю 100цп;45;
3800213305773;яер гю люфх оемю + аюкгюл яемгхрхб;310;
5310005020473;йсйхя йейя 112цп йюкжхсл;38;
3800213305766;яергю люфх оемю +аюкгюл мнплюк;310;
5310005015882;йсйхя йейя 112цп внйнкюдн;38;
919;йскем бюйсл лехм;774;
5310005005487;яхмрюцлю внйнкюдн гю цнрбе▄е 100цп рнпрх;35;
7;йспхпяйх сяксцх гю екя йюпцн гю 01/2025цнд;0;
286;яхпе▄е леьюмн 1йц ьхойю бюйсл;514;
8600946882108;як юоерхр ахяйбхрх 380цп онямх;54;
8606111060265;йспйслю лекемю 52цп ёслхя;58;
5310071000690;кюдмю бндю 6к;74;
8600946883006;як юоерхр ахяйбхрх 600цп;84;
5310071000263;кюдмю мецюгхпюмю бндю 1,5к;29;
8601900201201;як днапю йнйньйхмю ян леян 62цп;20;
8601900201478;як днапю ясою 53цп онямю;20;
8697436920501;кюфхжх окюярхвмх;15;
5319990456014;кюфхжх окюярхвмх 1/10;25;
8601900201287;як днапю ясою 62цп цнбедяйю;20;
3875002210927;як еспнахяйбхр 300цп йеяю;125;
8003510002221;кюй гю йняю хмреяю 300 лк;144;
3850105176950;кюунп яюосм 80цп яемгхрхб;35;
8600946891032;як еспнбютек внйн 4 42цп;25;
1;кеа кюдем;17;
3875000050327;як еспнйпел акнй 40цп;20;
3;кеа лхцпня;29;
8600946683002;як леде▄южх 150цп йюёяхёю;45;
5319990998149;кеа лхцпня 450цп яевем;32;
8600946685020;як леде▄южх 300цп онпрнйюк;75;
3875000052222;як онпрнйюк ахяйбхр 115цп пеяюмю;35;
5319990998095;кеа лхцпня яевем 500цп хмрецпюкем;38;
3875000050389;як оняем бютек 180цп йюйюн;45;
5319990535085;кеа яевем фхрн опхкео;23;
3875000051287;як оняем бютек 180цп йюпюлекю;45;
,003;кеа яевем мюяре -тхкхяхлн;30;
3875002210392;як пеяюмю 500цп йсрхёю;154;
5310002703546;кемю ёюдпхйн 340цп ебпною;64;
5310133003775;як пеяюмю 500цп опнгнп;144;
8006540904510;кемнп нлеймсбюв 1200лк нпухдеёю;336;
5310142000055;як пеяюмю бн жекнтюм 500ц;194;
8006540866085;кемнп нлеймсбюв 900лк яопхмц;244;
5319990220424;ке█ю 400цп люйя;80;
5319990430809;як янкемйх уекн 250цп жпбемх;48;
3875000057210;як тхме смн 25цп;14;
5319990220493;ке█ю 900цп люйя;128;
5319990631367;кеьмхй 70цп хбхрю;84;
8600946963470;як внйн аюмюмю 630цп.;234;
3875000054530;якюднй йнкюв аек 500цп опнгнп оняем;99;
8602300216673;кеьмхй йюпюлекю 800цп охнмхп;308;
3838980810121;кхдепю йпел 50лк ден;158;
5310079002764;якюднкед бюпхюцюрю йкюяхй 900лк жеплюр;249;
3838980810138;кхдепю йпел 50лк гю мнге;158;
5310079002474;якюднкед бюпхюцюрн йбюрпн 2000лк жеплюр;400;
23;кхфюбве тпсрхрн 20цп;10;
5310079000470;якюднкед хлоепхёюк 125лк бюмхкю жеплюр;50;
5310079000159;якюднкед хлоепхёюк внйн бюмхкю 140лк жеплюр;50;
5310366001852;кхкю япедярбн гю ярюйкн 750лк ослою;65;
5310079000715;якюднкед хлоепхёюк ьсляйн 125лк жеплюр;50;
8606108033791;кхкх лх▄нм йнжйю 255цп опеяр;64;
5310079002757;якюднкед йбюрпн 900лк яхлтнмх жеплюр;249;
5310079005383;кхямюрн оюмерх ледхрепюмн 850цп жеплюр;230;
5310079003266;якюднкед йбюрпн янмюрю 900лк жеплюр;249;
5310079005130;кхямюрн реярн бн акнй 500цп жеплюр;98;
5310079000753;якюднкед йск люкхмю 60лк жеплюр;20;
5310079005321;кхямюрн реярн оюмерх ян яхпе▄е 1йц жеплюр;230;
1117;кхрспцхёю мюяре;50;
5310079003020;якюднкед йск внйн 45цп жеплюр;20;
5310079002559;якюднкед лерпнонкх аепкхм 85лк жеплюр;60;
5310275000632;кнбнпнб кхяр 10цп йхаекю;15;
5310079002566;якюднкед лерпнонкх апхяек 85лк жеплюр;60;
5319990220141;кнбнпнб кхяр 15цп люйя;14;
5310079004379;якюднкед лерпнонкх цнкд 105лк лнмюйн жеплюр;100;
8600101468628;кнбнпнб кхяр ёслхя;12;
5310079002573;якюднкед лерпнонкх кнмднм 85лк жеплюр;60;
5319990448040;кнйсл йюпе 200цп нахвем;35;
5310079002283;якюднкед пнлюмяю бюмхкю 115лк жеплюр;30;
5319990448231;кнйсл йюпе 450цп нахвем;74;
5310079002306;якюднкед яемдбхв 110лк жеплюр;50;
5319990448255;кнйсл йюпе 450цп нпеб;80;
5310079000586;якюднкед ярпювюрекю 85лк жеплюр;40;
5319990448101;кнйсл йюпе 900цп нахвем;135;
5310079002153;якюднкед рнпмюдн внйнкюдн 260лк жеплюр;100;
5319990448125;кнйсл йюпе 900цп нпеб;140;
46;кнйсл нахвем 3йц йюпе;424;
5310079002320;якюднкед жеплюр пнкеп ёюц+бюм+кхл 80лк;40;
5310005030618;кнно йеёй лютхм 47цп внйнкюдн бхрюлхмйю;15;
5310079000593;якюднкед внйн оекхяреп 82лк жеплюр;30;
5310079002993;якюднкед внйн ярюп 85лк жеплюр;40;
8681166284873;кнрся опюьюй 3йц бюёр;184;
667;якюрйх бхгхрюпяйх 500цп люмебх;95;
8681166284736;кнрся опюьюй 3йц йнкнп бюёр;184;
141;якюрйх ябефх -люмеб;150;
8681166284897;кнрся опюьюй 9йц бюёр;414;
5310079003709;якндекд йбюрпн ялнйбю 900лк жеплюр;249;
8681166285092;кнрся опюьюй 9йц йнкнп бюёр;414;
3875000970496;ксйя тхкрепх гю жхцюпх 200/1;60;
5319907640802;яледепебйю 2к днмнб;208;
5310005025546;ксмю йпел 250цп йютемн аек;90;
5319991143203;ялнйх аюрепткюё ян хцпювйю;10;
25;ксрх охоепйх 1йц пется;120;
5319991143159;ялнйх ян хцпювйю рнся;10;
5310005013307;яндю ахйюпанмю 20цп 4+1 цпюрхя бхрюлхмйю;20;
5319990220905;люцднмня ясб 50цп люйя;20;
5310054001201;янй ах тпсхр 100% нпюмф 1к;115;
8600759352072;люйюпнмх яемрекю 350цп йн;35;
5310054001225;янй ах тпсхр 1к анпнбхмйю;80;
8600759352096;люйюпнмх яемрекю 350цп яохпюкх;35;
5310054001249;янй ах тпсхр 1к ёюанкйн 100%;80;
5310185040070;люйеднмяйх йнкаюях 350цп лехм оюпве;98;
5310054001218;янй ах тпсхр 1к опюяйю;74;
5319991251731;люйеднмяйн аекн 1к ярнах;150;
8003510025121;люкхжхёю йсойю 1к йнйнмср;178;
8606004259677;янй бнвме йюох 2к ёюанкйн;94;
8003510007523;люкхжхёю йсойю 1к йнйня;178;
8601900002648;янй йнйрек 1к рюйнбн мнб;55;
5310007000190;янй опюяйю 250лк рерпю юцпнокнд;14;
8606103756022;люпюлхжх ▐еамх 1/1 йюлекхёю;10;
5319992170352;янй яюмх деё 200лк онпрнйюк;15;
8606017379669;люпан вхоя вхкх 60цп;50;
5310041004949;люпцюпхм янтр 480цп йпхярюк;85;
8601900002617;янй рюйнбн 1к ёюанкйн мнб;55;
5310041005168;люпцюпхм смхбепгюкем 250цп йпхярюк;40;
5310142007146;янй рюйнбн 1к опюяйю мнб;45;
162;янк 10/1 хгбнп;140;
5310133001047;люплюкюд опюяйю 850цп еспнтсд рецкю;84;
114;люякхмйх акнмд 161-180 НКХЛО 200Д;330;
3870009000038;янк рсгкю 500цп;25;
5310041003607;люякн 905лк йпхярюк;95;
5319991819542;янкем йпейеп 280цп хмтсдхёю;90;
166;янмвнцкед аек 1йц пется;250;
5310037000061;люярхйю ярпслхвйю 1к;800;
5310079004515;ярпювюрекю якюднкед яер (6*70лк) 420лк лскрхоюй;200;
8600114000020;лювлюкн йкюяхй 105цп;55;
3800065711661;ледемйх 50цп внйн оскя;20;
3800217594128;ясмцепве 10/1 юмреярн;50;
5319991846111;ясяюл х йхйхпхрйх 25цп ясоеп бхрю;15;
8602300236022;ледемн япже 150цп йкюяхй;65;
5310115000754;леде▄южх 350цп бхьмю бхмвхмх;88;
8601900002747;рюйн янй 1,5к онпрнйюк мнбн;70;
3838980810336;ледхжхмяйх йпел 48 гю пюже 125лк;148;
8601900002761;рюйн янй 1,5к опюяйю;68;
5310142007085;рюйн янй 1к ёюанкйн 50%;50;
9000101575620;лепхйя ёнпцнбюм 7,2йц;684;
5310008007129;рцю гю ёсц 0,75;348;
9000101575767;лепхйя опюьюй нпухдеёю 7,2йц;684;
5310079005147;реярн гю охжю дсн 360цп жеплюр;70;
9000101575743;лепхйя опюьнй 7,2йц ёюялхм;684;
5310276000020;рхлйн пхах 125цп днлюр;45;
5319990289223;леплекюд йюёяхёю 3йц йхл;354;
5310276000013;рхлйн яюпдхмю 125цп люякн;45;
8600103467438;леплекюд леьюм 1йц рюйнбн;198;
5310133000996;леплекюд якхбю 850цп еспнтсд;84;
8600037002842;рёса 1,5к кхлнм;78;
3859890848196;леяем мюпегюй 150цп ондпюбйю;68;
8600037002781;рёса 1,5к люмдюпхмю;78;
8600037003061;рёса 1,5к лскрхбхрюлхм;78;
,004;леямх мюпегнй 100цп йюпмейя;38;
8600037003023;рёса 1,5к онпрнйюк;78;
8690504135555;лерпн скйеп 30цп;15;
3800718505548;ле▐хй фхжю гю яюднбх 6/1 янтр;45;
8600037003047;рёса 1,5к пед лхйя;78;
5319990809162;леьюмн яхпе▄е бюйсл 1йц ухр 73;285;
8600037002804;рёса 500лк кхлнм;44;
8600037002767;рёса 500лк люмдюпхмю;44;
8602300223121;лхйя анманмх 250цп мецпн х йюпюлекю охнмхп;95;
5319990127136;лхк аюкяюл 500лк;50;
8600015001171;рнлюрхмн днлюрмн охпе 500ц онкхлюпй;35;
5319990127150;лхк гю ярюйкн 500лк ослою;65;
8600015004493;рнлюрхмн днлюрмн охпе 500лк аняхкей;35;
5319990127167;лхк гю ярюйкн 500лк пегеп;50;
8600015004486;рнлюрхмн онкхлюпй 500лк ксрн;38;
5310267001258;рноем йюьйюбюк 140цп опегхдемр;100;
5319990127051;лхк оюярю юапюгхб 500цп уелхйя;58;
3870450001745;рнпрю мюонкхрюмю 400цп. мнбн;144;
5319990127402;лхк яёюё 1к аек;78;
3800213620005;рнпрхжю днлю 32цп йюйюн;10;
5319990127273;лхк яёюё 1к гекем;78;
3875000970748;рнрел тхкрепх гю жхцюпх 200/1 15лл;60;
5319990127099;лхк яёюё 500лк;48;
3875000970755;рнрел тхкрепх гю жхцюпх 500/1 15лл;130;
5319990127105;лхк яёюё 500лк гекем;48;
5319990478696;р-оекемх 25-30/20;160;
7622300424695;лхкйю внйнкюдн 80цп юкояйн лкейн;58;
5319990478573;р-оекемх люцмнкхёю 12-25;150;
7622210043931;лхкйю внйнкюдн 80цп уюгекмср;88;
5310043000475;лхпхмдю 500лк кхлнм;35;
5319990478566;р-оекемх люцмнкхёю 9-18;160;
5310043000727;лхпхмдю кхлнм 1,5к;55;
5319991819108;рпюдхжхнмюкмх бюмхкхжх 230цп хмтсдхёю;60;
5310043000246;лхпхмдю кхлнм 1,75к;65;
5319992170659;рпхкеве йюпюлек 500цп юёаейн;94;
5;рпхжх 30/1;500;
5310369000388;лхпхмдю кхлнм 330лк кхлемйю;30;
5310369000043;лхпхмдю нпюмф 330лк кхлемйю;30;
5942045117013;рсаспц 500лк кхлемйю;60;
635;рскслах ьейх 5/1;120;
5902510275914;лхяонк цнбедяйх мюпегюй 130цп;40;
3870311002836;лкейн 1к дсйюр;65;
5319991393394;рсмю яежйюмю 170цп анм юоерхр;50;
5310276000983;рсмю рхлйн 185цп яежйюмю;60;
5319990569073;лкейн юкох 3,2% 1к ян вео;75;
3870311002744;лкейн юкояйн 3,5% 1к;75;
5310276000976;рсмю тхке 185цп рхлйн;90;
8606006307673;смх йер 2йц упюмю гю лювйх;220;
8606108232293;лкейн лхгн 1к 3,2% рерпю мнбн;60;
128;лнкхб ейнкньйх 1 оюпве;10;
5319991838031;спдю белхкй бюйсл;234;
5310345003327;лнмю йсрхёю 240цп бхмвхмх;75;
6375262058545;сплх 600цп люгютю;99;
6191594001079;сплх рюжмю 170цп цнкдем ейяонпр;40;
8602300205424;лнмх 150цп;75;
3800213308729;тюмрюгх ткхпр тюпаю 197;105;
8602300207961;лнмх 75цп охнмхп;35;
5310005023009;лнпяйю йпсомю янк 120цп ян лекмхжю;78;
5319992116039;тюпхмю ёстйх 400цп йеяю;85;
5310005004749;лнпяйх ьйнкйх юркюмрхя 200цп дюпй бхрюлхмйю;188;
5319992170499;тетепнмх ксрх 720лк лнярюп;90;
5201347177317;тхмхь янк 1,5йц гю люьхмю;165;
5319990220264;лпбхжх ьюпемх люйя 100цп;35;
1111;мюкхбмх оюптелх пекюйя пется;30;
5319990934383;ткхоя ноя 30цп хцпювйю фемяйх;15;
5310264000834;мюме ясьемн 50цп йеяю люйя;20;
5319990934826;ткхоя ноя 30цп хцпювйю люьйх;15;
5310115009269;мюонкхрюмйю 350цп лкейн х йюйюн бхмвхмх;84;
5310276004578;тнпрсмю охкеьйю яюкюлю 720цп рхлйн;164;
3850102002221;тпнмдх люйях 250цп мсцюр;105;
5310115005094;мюонкхрюмйю бхмвхмх 500цп пется;84;
864;тярюй 200цп анм;162;
8606107081175;мюонкхрюмйю кеьмхй 400цп фо;80;
5999860497646;уекк кюдмн йюте 250лк дюак еяопеян;85;
8606107081434;мюонкхрюмйю кхлнм 400цп фо;80;
5999571053223;уекк кюдмн йюте 250лк охмй кюре;85;
8606107081656;мюонкхрюмйю люкхмю х ёнцспр 400цп фо;80;
5999860497080;уекк кюдмн йюте 250лк якхл кюре;85;
8606107081281;мюонкхрюмйю ярхй 160цп йюйюн ф.о;48;
5999885747061;уекк яхйян кюдем вюё 250лк ёюцндю;30;
8606107081359;мюонкхрюмйю внйн 300цп опеяр;78;
5310345006939;мюонкхрюмйю внйн 500цп бхмвхмх;125;
5999885747054;уекк яхйян кюдем вюё 250лк кхлнм;30;
5999571050765;уекк яхйян кюдем вюё 250лк ксаемхжю;30;
8606107081298;мюонкхрюмйю внйн ярхй 160цп онпрнйюк фо;48;
5201109001911;мюрспю ревем яюосм 600лк петхк апхг;75;
5999860497547;уекк яхйян кюдем вюё 250лк люкхмю апсямхжю;30;
5999571052271;уекк яхйян кюдем вюё 250лк охмй кхлнмюдю;30;
8602300217151;мецпн анланмх 800цп охнмхп;274;
5999885747085;уекк яхйян кюдем вюё 250лк опюяйю;30;
8602300204137;мецпн йеяю 100цп охнмхп;50;
5999571050598;уекк яхйян кюдем вюё 250лк рсрх тпсрх;30;
8606018940219;мекх йхдя 100цп лкейн;60;
5999571051298;уекк яхйян кюдем вюё 250лк рсрх тпсрх ёюанкйн;30;
8606018942947;мекхмн внйнкюдн 93цп лкейн+жпм йейя;60;
59945345;меяйюте 2/1 мнбн;18;
8601900502643;уекн янкемх оепежх 300цп як;50;
5941017016354;меяйюте 3 бн 1 йкюяхй мнбн;15;
8601900506849;уекн янкемйх 220цп онямн як;45;
7891000255025;меяйюте йкюяхй 200цп кхлемйю;434;
8601900203533;уекн вхоя 25цп рюйнбн;15;
3800061608804;ухоеп бютек 200цп йюйюн;85;
5998710960729;меяйбхй 200цп йеяю;144;
3800061609597;ухоеп бюткю лхмх 123цп йеяю;48;
5998710960736;меяйбхй 400цп йеяю;184;
9005800343143;мхбею княхнм гю оняке апхве▄е 100лк йхжй;485;
9008700141949;ухох пюсу 330лк онпрнйюк;45;
8000005048504;унокю 200лк ян ье█еп;80;
9005800344447;мхбею пнкнм 50лк юйрхб емеп▐х люьйн;158;
5319990220301;мхьеяре люйя 200цп;20;
8000005045169;унокю 500 лк;154;
8000005046623;унокю аег ье█еп 0,5йц;158;
8600462042536;мнакхже 222цп аюмхмх;70;
5319991205727;мнбнцндхьмн оюйерве 714 ап.1 охнмхп;348;
8600091320043;жхжю люжю 30цп бхьмю ухяюп;20;
5310115001799;мнбнцндхьмн оюйерве бхмвхмх;160;
5319990631251;жпбемю охоеп 100цп хбхрю;35;
5310185042333;мнбняюдяйх йнкаюя 300цп лехм;134;
5310276003311;вюдем бпюр якюёя 100цп ойа;80;
80135876;мсрекю 400цп;255;
8601900303301;вюёмю оюьрерю 100цп рюйнбн;34;
3870114000961;нбюйн оюьрерю 100цп кнбевйю;33;
8601900303295;вюёмю оюьрерю 75цп рюйнбн;25;
3870114001098;нбюйн оюьрерю 50цп кнбевйю;18;
5310276000082;вюёмю оейюаеяйн 295цп оюпве;214;
5310276002253;вюёмю якюёя 100цп ойа оюпве;95;
8606006309004;нгх днц 5йц упюмю гю йсвх▄ю;320;
105;вюьх окюярхвмх 1оюпве цнкелх;1;
8606107081496;нлхкем йейя 150цп фо;38;
5319990934796;ноя вхоя ярюовхмю йевюо;10;
6972766010330;веойюкйх гю гюах аюлан;25;
42247371;нпахр асаке лхмр;35;
9001378180203;веойюкйх гю гюах гекемх;45;
50173976;нпахр бхмрепткняр дпнове;35;
3800213303342;веойюкйх гю сбн 100 йкхмй йпсц;45;
42189633;нпахр ейярпхл дпнове;40;
8691297000105;веойюкйх гю сбн 100 тхк тюём;34;
42070351;нпахр ёюцндю цпюбве;35;
3800213303366;веойюкйх йкхмхй 100/1;30;
42247784;нпахр лхмх;8;
3800213303359;веойюкйх йкхмхй 200а йпсц;74;
50173204;нпахр оеоеплхмр дпнове;35;
5201410013504;веойюкйх яеорнмю 100о йпс;40;
50173808;нпахр ябхрлхмр цпюбве;35;
5310394000971;веярепцхкд 100я кхмею апюсм;140;
50173822;нпахр яоеюплхмр цпюбве;35;
7622100801559;веярептхкд акс 100я;140;
5310005024938;нпхцюмн 15цп бхрюлхмйю;58;
5319990797896;веярептхкд якхля 100я кхкюбх;140;
5319990220158;нпхцюмн люйя 50цп;24;
5319990934390;вхоя йхмц 45цп ноя;10;
170;нпхг 1йц пется;100;
8606033741280;вхоя янкем 210цп люпан;144;
5310264000933;нпхг 900цп люйя;144;
8606033741303;вхоя вхкх 210цп люпан;144;
3850105182043;нпмек нлеймсбюв 1,6к аеёах яемгхрхб юкне;254;
8600946963975;внйн аюмюмю 144цп як йеяю;55;
3850105182197;нпмек нлеймсбюв 1,6к бхнкер;254;
3875000054677;внйн ахяйбхр 14цп як;9;
3850105182104;нпмек нлеймсбюв 1,6к цнкдем дпхл;254;
8600946851081;внйн ахяйбхр 35цп як мнбю;20;
3850105182074;нпмек нлеймсбюв 1,6к йюклхмц;254;
8600939842843;внйн йейяхвх 220цп ьрюпй мнбн;74;
272;някхв 1йц пется;198;
5310142002110;внйн люйя 250цп юцпнокнд;84;
5310079004508;внйн оекхяреп яер (6*80лк) 480лк лскрхоюй;180;
5319991319103;нупхдяйх ёстйх 450цп ян лкейн;90;
5310041000903;нжер 1к а.│нпеб;44;
8693029040915;внйн внйн аюаю 25цп нпхг;15;
5304000230456;внйн внйн ёсмхнп 20цп рхпюлхяс;5;
5319990139511;нжер 1к смхбепгюк;30;
5301000560026;внйн внйн йхя 20цп ёюцндю;5;
5319990139535;нжер 5к смхбепгюк опнлер;134;
5301000560033;внйн внйн лхкй 20цп;5;
5319991441019;нжер аек 1к юйбю деёнм окся;33;
5319990139559;нжер бхмяйх 1к смхбепгюк;33;
8601500127703;внйнкюдмн лкейн 05к лнёю йпюбхжю;68;
3850164310180;нжер йхяйн 3к;174;
8601500131540;внйнкюдмн лкейн 1к лнёю йпюбхжю мнбн;118;
8601500110330;внйнкюдмн лкейн 250лк лнёю йпюбхжю;40;
8606102463945;оюкемрю 500цп ёслхя;54;
833;всмцю ксмцю кхфюбве;10;
5310292002015;оюкерю анёю гю ёюёжю фнкрю;10;
5310292002022;оюкерю анёю гю ёюёжю гекемю;10;
5319990811493;ье█еп 800цп юя хмрепмюжхнмюк;50;
5310292002046;оюкерю анёю гю ёюёжю окюбю;10;
5319990220332;ье█еп бн опюб люйя 250цп;20;
5310292002060;оюкерю анёю гю ёюёжю пнгебю;10;
5319992025027;ьЕ²ЕП дЮЛХПХМН 800ЦП;45;
4000415851309;ьнцере внйнкюдю 100цп аюдел;74;
5310292000899;оюкерю яберйюбх ёюёжю;65;
4000415850906;ьнцере внйнкюдю 100цп йюпюлек;74;
5310292000073;оюкерю яер йпхярюкх гю ёюёжю;70;
4000415852207;ьнцере внйнкюдю 100цп тярюй;74;
5319990460066;оюкере анёю гекемю гю ёюёжю;10;
8600759003004;ьоюцерх яемрекю 500цп;34;
8693495034296;оюклнкхб яюосм 90цп 3+1 пнге;99;
3800217597013;ьрхойх 20/1 йхмеяйх;70;
8714789880518;оюклнкхб ьюлонм 350лк йнкнп;88;
3859891902798;ьрпсдкю 250ц бхьмю;64;
8718951576919;оюклнкхб ьюлонм 350лк окюб;85;
3859891902781;ьрпсдкю 250ц леьюмн нбньёе;64;
8714789880525;оюклнкхб ьюлонм 400лк аёсрх цкня;85;
3838952001878;оюкнлю апхявх йнглерхвйх 100/1;70;
3859891902804;ьрпсдкю 250ц ялнйбю;64;
3875001873505;ьрпсдкю аюь 500цп нбньёе;99;
5410853039273;оюмюянмхй аюрепх юю 1,5к;40;
3875001873529;ьрпсдкю аюь 500цп ялнйбю;99;
5410853049296;оюмюянмхй аюрепх люкх 1,5б;30;
5319990272980;оюмдю еспн йпел 400цп лхпюмю;94;
5319991789234;оюмдю еспн йпел 900цп лхпюмю;174;
5310115000990;оюмдхьоюм 700цп бхмвхмх оюпвхмю;80;
5310185042081;оюпхгеп ян йюьйюбюк 700цп лехм;155;
5310005027687;оюярекю осдхмц 40цп кхлнм бхрюлхмйю;12;
5319990578037;оекю 100цп лхмюя;44;
5319990578051;оекю 500цп йюте;215;
5319990578013;оекю лхмюя 200цп;85;
5319990578303;оекю яюмрня 80цп;30;
5319991541023;оекюцнмйю 500лк цюгхпюмю;20;
1012;оемрх тхр ускюунойх пюгмх;150;
8681147745249;оемрх ускюунойх ук люр;150;
8683844855030;оемрх ускюунойх жпмю к;150;
3850102210312;оеоеплхмр анманмх 100цп йпюь;64;
УРРОв//ОЕОЯХЖН.ХМТН/490РС7;оеоях 500лк гепн;35;
5310369000005;оеоях кхлемйю 330лк мнбю;30;
5310369000012;оеоях люйя 033лк люйя;30;
9000101809527;оепбнк 3к акей дерепцемр;454;
9000101811322;оепбнк 3к дюпй акннл;454;
9000101808568;оепбнк 3к йнкнп;454;
9000101809619;оепбнк 3к йнкнп дерепцемр;454;
3872292000603;оепейя леркю;450;
3872292010305;оепейя уюпрхёю гю оеве▄е 20л;230;
9000101806106;оепяхк 1,5йц пецскюп;408;
9000101598032;оепяхк опюьнй 7йц рспяйх;698;
8600101745446;оептейя 24/1 гекемю;199;
8606102287015;оептейя 4/1 3 якнёмю;55;
8600101745422;оептейя 4/1 гекемю;50;
8600101745958;оептейя аекю 8+2 йюлхкхжю 3-якнёю;124;
8600101745941;оептейя аекю 8+2 опюяйю  3якнёю;124;
8606110850027;оептейя апхьюв де ксйя 1/1 рпнякнем;99;
8606110850287;оептейя апхьюв опнтеяхнмюк 3 якнёю;144;
8600101745248;оептейя йюлхкхжю 4/1 де ксйя;80;
5310025000646;оептейя онбе█емюлемяйю йпою 3/1;54;
8600101745101;оептейя опюяйю 4/1 де ксйя;80;
8606102287923;оептейя яюкютерйх 80/1 аекх цнкелх;54;
8606110850096;оептейя рнюкермю 4/1 йюлхкхжю;64;
8606110850089;оептейя рнюкермю 4/1 опюяйю аекю;64;
8606110850294;оептейя рнюкермю мюрспюк йнлтнпр 10/1;148;
5310025000615;оептейя рпскейя 3/1 ясмцепеярю йпою;74;
3877002085604;оерхр аеп 400цп ахяйбхрх лерпнонк;45;
5310119002433;оерхр аеп 400цп анмся;36;
5319990220066;оежхбн люйя 10цп;5;
8600101468413;оежхбн яер 5+1 цпюрхя ёслхя;20;
5319990631114;оевспйх хбхрю рецкю яежйюмх;135;
5319990699343;оевспйх яежйюмх 720цп опхмжхо;143;
5319990631510;оевспйх рецкю 720цп хбхрю жекх;135;
5319991842267;охкеьйю оюьрерю 100цп ле▐хй;28;
3830008604132;охкеьйю оюьрерю 50цп йейеж;20;
5319991842199;охкеьйю оюьрерю 50цп ле▐хй;15;
5310276001294;охкеьйю оюьрерю 50цп ойа;15;
3856020224622;охкеьйю оюьрерю 95цп оюбкюйю ондпюбйю;30;
5310185041985;охкеьйю оняеамю 400цп лехм;80;
3838977022711;охкеьйю оняеамю 800+200цпюрхя;205;
5310185042586;охкеьйю оняеамю 800цп лехм;158;
5319990897282;охкеьйю яюкюлю ейярпю 1йц кейеп;164;
5310185045631;охкеьйх цпюдх 1йц лехм;330;
5310185042012;охкеьйх цпюдх 400ц лехм;140;
5907670900850;охкеьйх мюпегнй 100цп бепаюкхмяйх;20;
5310185045778;охкеьйх оюпхгеп 1йц жпебн лехм;208;
315;охкеьйх жпм дпна х япжю 500ц орсё;100;
5908310340012;охкхмю ю йкюяю 900цп цедпна оюпве;170;
5319991523463;охкхмю гюлпгмюрх 1йц гнцх;170;
8602300225606;охнмхп анланмх 400цп мецпн;144;
8602300225644;охнмхп йюпюлекю 400цп кеьмхй;154;
8003510000487;охоя у 10 500лк оюптел;124;
8600103725415;охпе 120цп ёслхя;44;
8600043001105;окюглю йейя 300цп лекемю;145;
5310248000027;окефеп мюонкхрюмйю 450цп люйхмбеяр;94;
136;окхй сйпюяем;10;
5319991869158;онйюмх гю пндемдем 10/1;45;
3838977040944;онкх оюьрерю 27цп цсплер;19;
3838977040913;онкх оюьрерю 27цп йкюяхй;19;
3838977040906;онкх оюьрерю 45цп йкюяхй;25;
22;онкхжх ярюкюфх гю дс█юм;2500;
8690526033754;оно йей йюйюн 45цп ерх;20;
161;онпрнйюкх 3йц бн лпефю;50;
5310185041992;оняеамю ябхмяйю 400цп лехм;88;
8606100484331;оняем йпел 200цп юлнперх;65;
5310005002165;онямю ясою ян оевспйх 70цп бхрюлхмйю;25;
5319990220318;опегкю люйя 200цп;18;
5310345009084;опелхеп бютепя 120цп бхмвхмх;36;
8606003507526;опеупюлаемю анёю гекемю;20;
8600169600022;опнкнл бндю 1,5к мецюгхпюмю;60;
8606107659725;осдхмц бюмхкю 3*40цп ёслхя бюмхкю;35;
5310005001168;осдхмц бюмхкю 40цп бхрюлхмйю;12;
8606111705319;осдхмц ёюцндю 3*40цп ёслхя;35;
5310005001175;осдхмц ёюцндю 40цп бхрюлх;10;
5319990220349;осйюмйх 200цп люйя;25;
5319991671935;осйюмйх гкюрмх 40цп цнкд оно йнпм;10;
5319991671959;осйюмйх гкюрмх внйнкюдмх 60цп цнкд оно йнпм;25;
8424839019002;осйюмйх оюкнлхрюя янк 100цп;45;
5319990631084;овемхжю аекю 400цп хбхрю;45;
5319990839121;овемйю аюкйн ьейепюж 350цп;60;
3850104221682;овемйю ье█епюж 150цп ондпюбйю;48;
8600103725934;овемйюпмн апюьмн ёслхя 500цп;44;
8000500023976;пютюекн 150цп;254;
5310309397363;пед ярюп внпюох деряйх;40;
8710847965098;пейянмю ден 150лк ейярпю ярпнмц;184;
8720181449871;пейянмю ден 150лк хмбхяхахке акей;184;
8717644320396;пейянмю ден 150лк йбюмрсл;164;
4000388669000;пейянмю ден 150лк йнаюкр;164;
8720181450396;пейянмю ден 150лк яейях;184;
8712561845069;пейянмю ден 150лк яейях асйер;164;
8710447493953;пейянмю ден 150лк яонпр детемя;164;
8720181101939;пейянмю ден 150лк тпеь онбеп люьйх;164;
8720181449840;пейянмю ден 150лк ьюсеп тпеь;184;
8712561844338;пейянмю ден юкне бепю 150лк;165;
5310133001658;пеяюмю янтрх 115цп ёюцндю;20;
5310005016438;пеяюмю тпсрх 112 цп бхьмю бхрюлхмйю;35;
5310005013185;пеяюмю тпсрх 112цп бхрюлхмйю;35;
5310005016414;пеяюмю тпсрх 112цп люкхмю бхрюлхмйю;38;
5310265000581;петкейя гю оюпйер 1к;118;
5319990088918;пхн йюте ейярпю 75цп;35;
5319990088024;пхн йсаюмхрю  200цп,;84;
5310005017169;пхяйн внйн 75цп бхрюлхмйю;35;
5310005017145;пхяйн внйнкюдн ян нпхг 150цп + пхяйн 75цп цпюрхя;45;
5319991869400;пндемдемяйх ябе█х апнёйю;35;
5319991869639;пндемдемяйх ябе█х бн анёю;80;
5310345009282;пнйх йпейеп 200цп ледхрепюм бхмвхмх;50;
5310345008247;пнйх йпейеп 250цп бхмвхмх;54;
5310345008346;пнйх оепежх 35цп;10;
5310345008469;пнйх охжю йпейеп 35цп;10;
5310345008445;пнйх пхахвйх 32цп;10;
5319990934765;пнкепх ноя 270цп йнйня;60;
5449000302090;пняю бндю 1,5к цюгхпюмю;35;
8600995140020;пняю бндю 1,5к нахвмю;35;
8600995140013;пняю бндю 500лк;30;
5000112566208;пняю бндю нахвмю 1,5к 30д;30;
5310275000649;псглюпхм ясьем 20цп йхаекю;15;
3850112142146;псл аюдек 100лк;100;
5310345008643;псл деяепр 360цп бхмвхмх;90;
3800024022944;яюбейя 300цп тпеь 2/1;78;
3800024022937;яюбейя опюьюй 300цп апхрмхя йнкнп йсрхёю;78;
9000100633260;яюёня тюпаю 8-7;248;
8606109331537;яюкютерйх ярхмц 38*38 жпмх 30/1;69;
6901069111529;яюкютерйх сйпюямх 20/1;50;
5319991869899;яюктерйх ян дхгюём пюгмх рхл рпеёд;70;
5319990443502;яюмдеё рскслах 500цп;125;
5310079002481;яюмх якюднкед ёюцндю бюмхкю 65цп жеплюр;15;
5310079002498;яюмх якюднкед внйн-бюмхкю 65лк жеплюр;15;
8606006301817;яюокелемр смх 3йц гю ябх▄х;280;
3850105177223;яюосм кюунп 80цп юмрхаюйрепхюк;35;
8600620020017;яюосм лепхлю аеах 87цп;48;
5310001206871;яюосм оепювх 250цп ахкёюм;74;
511;яюосм оепювх 250цп нёю;35;
5319991523494;яюпдхмю 125цп юдпхёся;35;
5319990839220;яюпдхмю аюкйн 125цп бн люякн;38;
154;ябе█х хкхпхю гекемх-окюбх;18;
151;ябе█х хкхпхёю аекх;25;
63;ябе█х нахвмх 1/1 рспяйх;10;
6341517006593;ябе█х пндемдемяйх апнёйю апецюк;25;
5310185042593;ябхмяйю оняеамю 800цп лехм;170;
5319990527462;ябхмяйх онёюднй 130цп аюкйн;30;
3800024048401;яелюмю нлеймсбюв 1,5к ейярпю тпеь;284;
3800024048418;яелюмю нлеймсбюв 1,5к ейярпю тпеь;284;
8600759404016;яемрекю ёстйх 400цп;40;
8600759023019;яемрекю ьоюцерх 400цп;35;
3850104023484;яемт 350цп ондпюбйю;118;
3850104023415;яемт 700цп ондпюбйю;198;
8600005014501;яемт онкхлюпй 50лк йеяю;18;
5310369000555;яер оеоях кхлемйх 4*033 лк;115;
8606107659701;яер осдхмц внйнкюдн 3/1 ёслхя;35;
8606107659466;яер ясою 3+1 ёслхя;58;
5310185042494;яежйюм ябхмяйх бпюр 150цп лехм;95;
5310185042517;яежйюмю оевемхжю 150цп лехм;95;
4823003503172;яхёюкхжх бнкр кюло 100 б;25;
5319992209076;яхмюкйн 1,75лк йнкю;60;
5319990196606;яхмюкйн 2к йнкю;65;
82;яхмюкйн 4*1,75к лхйя;199;
5319990196200;яхмюкйн 4/1;159;
5319990809117;яхпе▄е ахемн бюйсл 1йц ухр 73;594;
287;яхпе▄е йпюбён аекн 1йц ьхойю бюйсл;474;
5310005005197;яхпхся 28цп йпхяох кеьмхй;15;
5310005004978;яхпхся внй.ян кеьмхй 30цп;15;
5319990222305;яхпсо йбюрпн 1к анпнбхмйю;99;
5319990222336;яхпсо йбюрпн 1к кхлнм;99;
5319990222312;яхпсо йбюрпн 1к онпрнйюк;99;
5319991869196;яхрмх сйпюях гю рнпрх х йнкювх;35;
3872292005042;яёюё кхлйн гю яюднбх 5к;194;
5319990918246;яёюёмн яёюё 4к;274;
5319990897404;яйюпю▐хяйх йнкаюя 200цп кеёйеп;84;
5319990897411;яйюпю▐хяйх йнкаюя 450цп кеёйеп;170;
5310006000085;яйнояйн 500лк кхлемйю;65;
5310006001570;яйнояйн кхлемйю 0,33к 30д;50;
53102164;яйнояйн охбн 500лк мнбн;55;
5310079007677;яйсью йеяю жеплюр;210;
8601900304209;як цнбедяйх цскюь 300цп;175;
8601900304261;як цпюб ян йнкаюях 300цп;124;
8601900304322;як цпюб ян пеапю 300цп;128;
8601900201195;як днапю ясою 65цп йнйньйхмю ахярпю;23;
38700040;як еспнйпел 45цп рюйнбн;20;
3875000050334;як еспнйпел 80цп ревем;38;
3875000052888;як еспнйпел ревем 500ц;214;
8601900406071;як ёсбхрюмю йюью 128цп ёюанкйн х лнпйнб;65;
8601900406040;як ёсбхрюмю йюью 128цп йюёяхёю;65;
8601900406026;як ёсбхрюмю йюью 128цп йпсью;59;
8601900406033;як ёсбхрюмю йюью 128цп опюяйю;65;
3875000059474;як йейяхв 190цп еспнйпел;85;
8600946862001;як кхмею мюонкхрюмйю 180цп лкейн;45;
5310133001023;як леплекюд 850цп леьюм;84;
5310133001016;як леплекюд ьхойю 850цп еспнтсд;96;
3875002210613;як онпрнйюк ахяйбхр 345цп;125;
3875000052246;як онпрнйюк ахяйбхр 460цп пеяюмю;138;
5310133002150;як янкемйх 250цп йхйхпхрйх;48;
8601900203922;як уекн вхоя пеапюяр 150цп рюйнбн;74;
5310185040766;якюмхмю вюдемю 1йц бюйсл лехм;606;
478;якюрйх бхгхрюпяйх 500цп;190;
33;якюрйх янпрхпюмх;120;
3212;якнбемяйх охкеьйх опярх 1йц пется;410;
5319991251786;яледепебйю 1к ярнах;150;
5310008006016;яледепебйю 1к рхйбеь;185;
5310037000863;яледепебйю 2к цпнгд;198;
5310008005910;яледепебйю 500лк рхйбеь;124;
5310001097431;яндю 1йц юкйюкнхд;185;
5310005000444;яндю ахйюпанмю 20цп бхрюлмхйю;5;
5310001097448;яндю ахйюпанмю 500 цп юкйюкнхд;135;
8606004259684;янй бнвме йюох 2к опюяйю;94;
8606004259691;янй бнвме йюох 2к ьсляйн нбньёе мнб;80;
8606004259721;янй бнвмх йюох 2к онпрнйюк;90;
8601900002631;янй опюяйю 1к рюйнбн мнб;55;
8601900407047;янйве 125лк опюяйю рюйнбн;45;
5201050600263;янк яхрмю 1йц мхйх;15;
3870009000014;янк рсгкю 1йц;40;
7613107420607;янкею йпел 200лк янтр реплюк;230;
7613107420034;янкею йпел окюярхйю 150лк;158;
5319990402349;янкмю йхяекхмю 1к юдю;38;
9000100147293;янлюр янк 1.5йц;168;
9000101809466;янлюр рюакерх гю люьхмю 24/1;464;
5319990631596;янмвнцкед 130цп хбхрю йеяю;20;
5319990631053;янмвнцкед хбхрю 40цп;5;
5319990631619;янмвнцкед ьюпем 90цп хбхрю;20;
8600103725590;яня гю ьоюцерх 60цп ёслхя;38;
8606015846200;яохм гю яюднбх 750лк юкне бепю аюлан;78;
8606015846149;яохм гю яюднбх 750лк йюлхкхжю;78;
8606015846125;яохм гю яюднбх 750лк кхлнм;78;
8606015846637;яохм гю ярюйкн 750лк дюёлнмд;84;
8606015846651;яохм гю ярюйкн 750лк нйеюм;84;
9001378180746;яохжх гю яйюпю 50/1 рен;55;
5449000028976;яопюёр 1,25к;70;
5310185042036;ярхямюрю ьсмйю 400цп лехм;134;
5310005029087;ярнах люцмся 85цп якюрйю овемйю;35;
5310005010191;ярнах ткхоя 150цп;48;
5310005013208;ярнах ткхоя 20цп бхрюлхмйю;10;
5310005020626;ярнах ткхоя 250цп бхрюлхмйю;70;
5310005005579;ярнах ткхоя 30цп яхпе▄е;15;
5310005003100;ярнах ткхоя 40цп;16;
5310005003117;ярнах ткхоя 85цп.;30;
5310005021753;ярнах ткхоя люцмся 200цп;68;
5310005021777;ярнах ткхоя люцмся 200цп ксрх;68;
5310005021791;ярнах ткхоя люцмся ейярпю кср 200цп;65;
5319990908148;ярпев тнкхёю 30л;45;
3838980530203;ясапхмю ьюлонм гю мнплюкмю йняю 300лк;105;
5319990631077;ясбх якхбх 200цп хбхрю;75;
5319990809124;ясбн цнпяйн яхпе▄е 1,8йц йюмрю ухр 73;470;
5319990809568;ясбн цнпяйн яхпе▄е бюйсл 1йц ухр 73;244;
5319990220219;ясбн цпнгёе 100цп люйя;35;
5319991245068;ясмцеп бсдя яля-цпсо;30;
3850104251924;ясою цнбедяйю ян ╫бегдх 52цп ондпюбйю;33;
8600101468406;ясою йнйньйхмю 65цп ёслхя;20;
8600101468390;ясою йнжйю 40цп ёслхя цнбедяйю;23;
8600101468345;ясою йнжйю 40цп ёслхя йнйньйхмю;23;
8600101468598;ясою йнжйю 40цп онямю ёслхя;23;
8600101468536;ясою йпел охкеьйю 54цп ёслхя;24;
5310005004329;ясою нд днлюрх х оевспйх 70цп бхрюлхмйю;30;
3850104003189;ясою оерек 62цп ондпюбйю;30;
3856020261634;ясою охкеьйю юаежедю 70цп ондпюбйю;30;
8600101468451;ясою онямю ёслхя 52цп;20;
3850104004964;ясою ябюрнбяйю ондпюбйю;58;
3850104252525;ясою ян гекемвсй гбегдх 52цп ондпюбйю;33;
3850104249662;ясою ян леямх х цпхг  ондпюбйю;60;
9000100222914;ясоеп анмд кеохкн 3цп яейсмдюпмн;78;
8606019350864;ясоеп деяепр 300цп аюмюмю;74;
8606019350888;ясоеп деяепр 300цп бхьмю- йнкю;74;
8606019350796;ясоеп деяепр 300цп йнйня;74;
8606019350895;ясоеп деяепр 300цп онпрнйюк;74;
8606019350871;ясоеп деяепр 300цп псл;74;
5319990220233;ясяюл люйя 100цп;30;
3870353002443;ясяюлкх 125цп йемр;40;
3870353002306;ясяюлкх йемр 40цп;15;
5310185042463;яс▐сй 400цп лехм бюйсл;164;
5319990897213;яс▐сй бюйсл 1йц кейеп;294;
5310041000361;рююм юкбю 100цп акюцнё │нпеб;44;
5310041000385;рююм юкбю 250цп а.│нпеб;104;
5319990448378;рююм юкбю ян йюйюн 250цп йюйюн;70;
5319990448408;рююм юкбю ян йюйюн 500цп йюпе;144;
5310148005153;рюге осйюмйх 100цп внйнкюдмх;25;
8601900002525;рюйнбн янй 1,5к ёнанкйн мнб;85;
8601900002518;рюйнбн янй 1,5к оюяйю х ёюанкйн мнб;74;
8692641009751;рюмцн 200лк оемю гю апхве▄е;80;
8692641009768;рюмцн оемю 200лк апхве▄е окюбю;80;
3800065711524;рюпцер йкюяхй йейя 170цп йюйюн;80;
3800065711531;рюпцер йкюяхй йейя 170цп лед х лкейн;80;
3800065711517;рюпцер йкюяхй йейя 190цп бюмхкю;80;
3800065781312;рюпцер всдн бютек 40цп;20;
9000100923071;рютр кюй гю йняю скрхлюре 250лк;195;
5319991869585;рюжмю ап 2 деряйх;55;
5319991869578;рюжмю ймхфмю ап 4;50;
8695989014012;рюжмх ймхфмх 14*20 ап 3;40;
122;рек йхмеяйх;10;
5310024003013;релх 17 днйнкемйх жпмх;40;
5310024004003;релх 22 днйнкемйх ахяеп;40;
5310024003006;релх днйнкхмйх ахяеп;40;
3800024011092;рен яюо 75 нпухдеёю;25;
3800024045493;рен яюосм 100цп цепаеп;44;
3800024045189;рен яюосм 100цп осп йюлекхёю;44;
3800024045196;рен яюосм 100цп яемгсюк дюкхёю;44;
3800024045486;рен яюосм 100цп янтр;28;
3800024046407;рен яюосм 70цп скрпю ухцхемхй;25;
3800024046742;рен ьюлонм 350лк 2/1 лхмепюкя;84;
3800024046766;рен ьюлонм 350лк 3бн1 лем;84;
3800024046797;рен ьюлонм 350лк бнкслем;84;
3800024046728;рен ьюлонм 350лк йнопхбю;84;
526;рерпюрйю гю онвермн охьсбю▄е;10;
5319991961371;рерпюрйх ю5 йнжйх ябернр мю ахах;50;
5319991961364;рерпюрйх ю5 кхмхёю  ябернр мю ахах;50;
5319990452559;рерпюрйх ю5 пюгмх;30;
5310008006917;рхйбеьйн жпбемн 3к рхйбеь;464;
8600037003122;рёса 500лк лскрхбхрюлхм;44;
8600037003085;рёса 500лк онпрнйюк;44;
8600037003108;рёса 500лк пед лхйя;44;
8606004251435;рнлюрекн 500лк йкюяхй;48;
8606018723942;рнлюрекн охпе 1к мейрюп;80;
8606107544151;рнлюрекн яня 500лк мейрюп охйюмр;48;
8606107544144;рнлюрекн яня 500лк нпхцюмн х аняхкей;48;
3800038931942;рно рем йпел 100лк мнплюк;74;
5310345008667;рнпрю внйн де кюёр 400цп бхмвхмх;138;
5310345010059;рнпрю внйн йюёяхёю 400цп бхмвхмх;138;
5310185042067;рняр ьсмйю 700цп лехм;244;
5310185045648;рняр ьсмйю лехм;355;
15;рпцнбяйю пнаю ян 18% дюмнй;100;
5942045115019;рсаспц 750лк;115;
5319991205604;рсмю цнкд яежйюмю 170цп бн люякн;45;
5319991264038;█слсп 5йц бхпнбн опнлер;600;
5201269730102;сгн люцхёю 2к;995;
5319991664012;сйпюямю йеяю т10/1 йюпхпюмю;30;
5319991664265;сйпюямю йеяю т11 йнкнп;35;
5319991664043;сйпюямю йеяю т3 йюпхпюмю;30;
5319991664036;сйпюямх йеях т4 йюпхпюмю;30;
5310275000922;сплх 600цп мсрхмх;110;
5310005027335;т1 пеяюмю онпрнйюк 500цп;105;
3838824401140;тю йнкейжхёю 250лк лхярхй;250;
3850105121240;тюйя 6йц ясоеп юйрхб;668;
3850105121264;тюйя юйбю люпхм 6йц;668;
8600076015049;тюлнян вхоя 200цп яхпе▄е;58;
8606108033050;тюлнян вхоя 30цп вхкх;10;
5319990220806;тюмйх асцкея охкеьйн 40цп;11;
5319990220776;тюмйх йевюо 35цп люйя;11;
5310264001008;тюмйх йхйхпхрйх 200цп дпюфхпюмю люйя;50;
5319990220790;тюмйх ян цнбедяйн 40цп люйя;11;
5319990220820;тюмйх вхоя 40цп якюмхмю;10;
3850104018237;тюмр гю йеаюох х океяйюбхжх 40цп ондпюбйю;65;
3850104048999;тюмр гю █нтре 90цп ондп;65;
5449000028938;тюмрю 1,25к;70;
5449000132499;тюмрю 1,75лк нпюмф;90;
90418938;тюмрю 450лк нпюмф;45;
5449000000712;тюмрю нпюмф 0,25к кхлемйю;35;
5449000214805;тюмрю нпюмф 330лк кхлемйю мнбю;40;
5310290001089;тюпяхрспю йюпюлек 300цп;74;
5310290001072;тюпяхрспю йюпюлек 500цп йхл;98;
8600012700480;тюьхпюмю ьмхжкю 400ц йюпмейя;145;
3800024048630;тею яёюё 400лк люцмнкхёю;55;
3800024048647;тею яёюё 400лк нпухдеёю;55;
8001280400827;текве югспю 400лк рхь цек оюсеп яонпр;144;
8001280024108;текве югспю 400лк ьюлонм;144;
8001280068058;текве югспю йсойю 650лк аек лнься;194;
8001280068102;текве югспю йсойю 650лк аек лнься;194;
8001280068003;текве югспю йсойю 650лк йкюяхй;194;
8001280068140;текве югспю йсойю 650лк ухахяйся;194;
8001280068089;текве югспю йсойю 650лк жпмю нпухдеёю;194;
4084500981935;тепх гю яюднбх 450лк йюкхмйю х жпбем онпрнйюк;98;
5319990809506;тер яхпе▄е 2йц йюмрю ухр 73;415;
3850104011689;тетепнмх ксрх 630цп ондпюбйю;124;
8003510005284;тхцюпн оемю гю апхве▄е 400лк йкюяхй;124;
8004120083754;тхцюпн оемю гю апхве▄е 400лк яемгхрхб;114;
3838700074116;тхде гкюрмн он┼е 500цп цмегдн;124;
8011780000007;тхде пхяйнгю 250цп;35;
8600759404009;тхде яемрекю 400цп;36;
8600101745521;тхк тюём дсокх 2*8/16;170;
8600101745262;тхк тюём лхмх мн█мх 7/1;84;
5011417552957;тхмхь яёюё 400лк окюб;264;
5201314909040;тхмн йеях 3к тпхфхдеп;35;
5201314932024;тхмн йеях гю │сапе 120к;234;
5201314911098;тхмн люцх█ем ясмцеп 2/1;75;
5319991278073;тхнмю бкюфмх 2+1цпюрхя;108;
4012425142506;ткюлюр йнжйх гю онроюксбю▄е 48/1;65;
5319990220387;тпхоях ткхоя 20цп яемдбхв;5;
3850102007547;тпнмдх люйях лкейн 250цп лхпю;105;
3838945001137;тпсйрюк 1к дбнёмн же;48;
3838945502115;тпсйрюк янй 200лк охмцн;20;
3838945502122;тпсйрюк янй дбнёмн ж 200лк;20;
3850105010544;тпсрекю ьюлонм 1к йнопхбю;75;
3850105010537;тпсрекю ьюлонм апегю 1к;75;
5310005027236;тпсрх пеяюмю бхрюлхмйю;40;
5319990631305;тярюй 150цп хбхрю .;165;
5319990631374;тярюй 70цп хбхрю;84;
5310001137540;уюаюмю кюяхнм 100лк;94;
5310001066277;уюаюмю оюярю 60лк апхве▄е;104;
5942105000941;уюёмейем 500лк кхлемйю;75;
57027869;уюкя люярхйх ейярпю ярпнмц;25;
57027876;уюкя люярхйх яоеюплхмр;25;
8004172000310;уюкрю 1к;244;
8004172000297;уюкрю 200лк якюрйю оюбкюйю;75;
8004172000501;уюкрю йпел аег ье█еп 200лк;75;
8004172000907;уюкрю оюбкюйю 1йц аег ье█еп;225;
12;уюласпцеп кеове;15;
4001686705315;уюпхан цслемх 100цп йюохмх;65;
9002975323369;уюпхан цслемх 100цп уеох йнкю;65;
9002975301558;уюпхан гкюрмн леве 100цп;65;
3800159203188;уюплнмх лнпяйн нпебве 48цп лекемно;98;
5319991869592;уюпрхемх рюжмх пндемдемяйх;55;
90436614;уеюд ункдепя ьюлонм 350лк кхлнм;244;
8006540935088;уеюд ьнкдепя ьюлонм 350лк 2/1 юпюдю;244;
8006540935033;уеюд ьнкдепя ьюлонм 350лк йкюяхй;244;
8006540935156;уеюд ьнкдепя ьюлонм 350лк кюбюмдю;244;
8001090196224;уеюд ьнкдепя ьюлонм 360лк йкюяхй;274;
3872292012385;уекемю бкюфмх 72/1 яемгхрхб;74;
3872292011715;уекемю ревем яюосм 1к юпцюм бюмхкю;95;
3872292005806;уекемю ревем яюосм 1к йюлхкхжю;95;
3872292005790;уекемю ревем яюосм 1к кюбюмдю;95;
3872292005424;уекемю ревем яюосм 500лк юмрхаюйрепхюк;68;
3872292011692;уекемю ревем яюосм 500лк юпцюм бюмхкю;68;
3872292005400;уекемю ревем яюосм 500лк йюлхкхжю;68;
3872292005431;уекемю ревем яюосм 500лк кюбюмдю;68;
3872292005417;уекемю ревем яюосм 500лк окюмхмяйн жбе█е;68;
3872292005301;уекемю ьюлонм 1к йнопхбю;114;
3872292008715;уекемю ьюлонм 1к ксй;114;
5999860497097;уекк кюдмн йюте йюосвхмн 250лк кюре;90;
5310133003676;уекн янкемйх 40цп мнбх;10;
5310133003683;уекн янкемйх 80цп як;19;
8601900203977;уекн вхоя 90цп пеапюяр;50;
8852021134118;уеох рсмю 170цп лейяхйюмю;88;
8852021142663;уеох рсмю 185цп яежйюмю;55;
8852021142656;уеох рсмю яежйюмю 95цп;36;
8852021214872;уеох рсмю жекю 185цп;108;
3838700040647;уепаю анманмх 48цп;30;
5310001137311;уепаю ьюлонм 1к апегю;108;
982;упюмю гю йсвх▄ю аекю бпе█ю 10йц йпхяох;600;
983;упюмю гю йсвх▄ю пется 1йц хдеюк днц;100;
985;упюмю гю лювйх пется 1йц аекю бпе█ю;120;
5310314000869;ускюунойх кю дюлю жпмх 4;50;
3850104266997;жбейкн 660цп ондпюбйю;74;
5319990172051;жбейкн 680цп дхел;64;
5319991958043;жберем лед 400цп ёюялхм;355;
5319991958012;жберем лед 900цп ёюялхм;710;
8606100855025;жебйх 100/1 рхлюя;35;
46103284;жхцюпх бхмярнм уярхке акс;140;
8606107529004;жхй жюй бюрю 50цп цюкемхйю;25;
5319990220011;жхлер 10цп люйя;5;
5310005032094;жхлер лекем 45цп бхрюлмхйю;88;
5310005027373;жхлер яер 25цп 4+1 цпюрхя;25;
8600076040300;жхохпхох внйнкюдн 80цп рюакю;30;
8717163617618;жхт 500лк кхлнм мнбн;114;
8717163617632;жхт йпел 500лк аек;114;
5319990220202;жпбем охоеп 100цп люйя;36;
5319990448439;жпмю юкбю 60цп йюпе;15;
5319990897763;вюдемю цнбедяйю ьсмйю 120цп кейеп;70;
5319990897770;вюдемх охкеьйх цпюдх 120цп кейеп оюпве;60;
8606101393021;вюё юпнмхёю 35цп йнмве ёслхя;74;
8606107407067;вюё ёслхя дебер ахкйх ян йнмве;30;
918;вюёмю йнкаюяхжю 1йц лехм;668;
5310134008717;вюёмх йнкювх 350цп днмхю;72;
106;вюьх окюярхвмх 1оюпве люкх;1;
8691297000211;веойюкйх гю сбн 200 тхк тюём;45;
8697837743303;веойюкйх гюбхрйюмх 1000/1 рхлюя;108;
5310115001812;вхйнкю йпел 400цп бхмвхмх;110;
8606017375333;вхоя днлю█хмяйх йюёлюй 160цп люпан;108;
8606017375357;вхоя днлю█хмяйх терю 160цп люпан;108;
8606107718637;вхоя йкюяхй 150цп вювюй;90;
8606107718514;вхоя йкюяхй 40 цп вювюй;30;
8606019840860;вхоя йкюяхяй 230цп вювюй;114;
8606017375272;вхоя люпан пеапюяр 230цп янкем;134;
8606107718354;вхоя пеапюярх 150цп йкюяхй;90;
8606017378495;вхоя янкем 140цп люпан;99;
8606019840891;вхоя вювюй 230цп пеапюяр;130;
8606017377597;вхоя вхкх пеапюяр 140ц люпан;99;
8606017375296;вхоя вхкх пеапюяр 230цп люпан;134;
3838980100437;вхярн 500лк опяйюкйю люцмнкхёю;98;
3838980101816;вхярн онкхрспю 500лк петхк;124;
5310005010122;внйн йхдя бхрюлхмйю;10;
5310005015707;внйн лнйю 250цп йюйюн бхрюлхмйю;75;
8606018940585;внйн мекхмю 20цп нпхг;10;
8606018941377;внйн мекхмю 250цп опелхсл;134;
8606018941711;внйн мекхмю лкевмн 190цп бюткю;105;
8606018944828;внйн мекхмн 125цп лкейн;70;
8606018943692;внйн мекхмн пюмв 33,5цп лкейн;15;
5310005015844;внйн пюёя нпхг 40цп бхрюлмхйю;25;
5310005004046;внйн ярнах ткхоя 30цп;18;
5319990256720;внйнкюдю гю цнрбе▄е 100цп кхнм;28;
5310206006863;внйнкюдн гю цнрбе▄е 90цп онямн кенмю;24;
8606018943043;внйнкюдн мекхмн йхдя 93цп лкейн -кеьмхй;60;
8602300210190;внйнкюдн ян кеьмхй 100цп охнмхп;75;
8602300210213;внйнкюдн ян кеьмхй 200цп охнмхп;144;
3850104230011;внйнкхмн 8 250цп;144;
5310309041358;внпюох йхмдеп пед ярюпр;25;
3800065781688;всдн мюонкхрюмйю 125цп внйн кеьмхй;105;
5310089001436;всмцю ксмцю 19 ксаемхжю;10;
5310089006196;всмцю ксмцю 19ц анпнбхмйю;10;
5310089006288;всмцю ксмцю 19цп ёюцндю;10;
5310089001467;всмцю ксмцю 19цп йнкю;10;
5310089001658;всмцю ксмцю 19цп яоеюплхмр;10;
8003693401378;▐емепю люяйю 500цп нпхг;144;
8003693403228;▐емепю люяйю гю йняю 500лк юпцюм;144;
8003693400708;▐емепю люяйю гю йняю 500лк йнйня;144;
8690526041353;▐х▐х аеае 172цп;66;
8690526051352;▐х▐х аеае ерх 400цп.;144;
5319990172273;▐сбев рецкю 720лк дхел;90;
3838980540288;ьюлонм ксй 230лк хкхпхёю;124;
5310264000339;ьюпемх лпбхжх 100цп люйя;34;
3838824086675;ьюслю 400 люьйх;174;
3838824138923;ьюслю 400лк гю ньреремю й;174;
3838824086736;ьюслю 400лк йнкнп;174;
3838824193106;ьюслю 400лк ┼ 10;174;
9000100860246;ьюслю 400лк яонпр люьйх;174;
3838824208985;ьюслю ьюло.400лк хмрегхбмю;174;
4015000665957;ьюслю ьюлонм 250лк фемяйх;124;
3856020212612;ьбюёжюпяйю ясою 54цп йнйньйхмн леян ондпюбйю;46;
3850104007385;ьбюёжюпяйю ясою ондпюбйю;55;
5000112578508;ьбеоя 1,5к ахреп мнбн;90;
5449000044808;ьбеоя 1к рнмхй;75;
5449000220950;ьбеоя ахреп 033к кхлемйю мнбю;45;
5310002252815;ьепх 147цп ебпною;168;
5310002252792;ьепх анман▄епю 204цп ебпною;254;
70;ье█еп 1йц пется;53;
5319991076013;ье█еп 900цп тпсйр хлонпр;50;
9007829023013;ье█еп йнжйю 1йц юцпюцнкд;99;
1112;ьхье гю оюптел 10лк;25;
1114;ьхье гю оюптел 30лк;25;
5310005001120;ькюц йпел внйн 40цп бхрюл;30;
8000440396383;ьрнй 1к мнб;945;
8606106300215;ьрпсдкю леьюмн нбньёе 21цп нг-рс;7;
3858887241729;ьслкхбх рюакерх мюрспек 96цп лскрхбхрюлхм;75;
5319991958036;ьсляйх лед 900цп ёюялхм;710;
3858886467731;ьсмйю мюпегнй 150цп ондпюбйю;68;
5310185042029;ьсмйю яоежхёюк лхмх 400цп лехм;140;
;;0;
ДЮБХД;рЕЯР;700;
